"managerName","productCode","productName"
"中信信诚资产管理有限公司","0M02SX","中信信诚-国泰君安-中信信诚-信泰1号专项资产管理计划"
"中信信诚资产管理有限公司","0M02TM","中信信诚-国泰君安-中信信诚-信泰2号专项资产管理计划"
"中信信诚资产管理有限公司","0M02TS","中信信诚君越4号专项资产管理计划"
"中信信诚资产管理有限公司","0M02TT","中信信诚君越5号专项资产管理计划"
"中信信诚资产管理有限公司","0M02TU","中信信诚君越6号专项资产管理计划"
"中信信诚资产管理有限公司","0M02TV","中信信诚君越7号专项资产管理计划"
"中信信诚资产管理有限公司","0M02TW","中信信诚君越8号专项资产管理计划"
"中信信诚资产管理有限公司","0M02TX","中信信诚君越9号专项资产管理计划"
"中信信诚资产管理有限公司","0M02TY","中信信诚君越10号专项资产管理计划"
"中信信诚资产管理有限公司","0M02TZ","中信信诚君越11号专项资产管理计划"
"中信信诚资产管理有限公司","0M02U0","中信信诚君越12号专项资产管理计划"
"中信信诚资产管理有限公司","0M02U1","中信信诚君越13号专项资产管理计划"
"中信信诚资产管理有限公司","0M02U2","中信信诚君越14号专项资产管理计划"
"中信信诚资产管理有限公司","0M02U3","中信信诚君越15号专项资产管理计划"
"中信信诚资产管理有限公司","0M02U4","中信信诚君越16号专项资产管理计划"
"中信信诚资产管理有限公司","0M02U5","中信信诚君越17号专项资产管理计划"
"中信信诚资产管理有限公司","0M02U6","中信信诚君越18号专项资产管理计划"
"中信信诚资产管理有限公司","0M02U7","中信信诚君越19号专项资产管理计划"
"中信信诚资产管理有限公司","0M02U8","中信信诚君越20号专项资产管理计划"
"中信信诚资产管理有限公司","0M02U9","中信信诚君越21号专项资产管理计划"
"中信信诚资产管理有限公司","0M02UA","中信信诚君越22号专项资产管理计划"
"中信信诚资产管理有限公司","0M02UB","中信信诚君越23号专项资产管理计划"
"中信信诚资产管理有限公司","0M02UC","中信信诚君越24号专项资产管理计划"
"中信信诚资产管理有限公司","0M02UD","中信信诚君越25号专项资产管理计划"
"中信信诚资产管理有限公司","0M02UE","中信信诚君越26号专项资产管理计划"
"中信信诚资产管理有限公司","0M02UF","中信信诚君越27号专项资产管理计划"
"中信信诚资产管理有限公司","0M02UG","中信信诚君越28号专项资产管理计划"
"中信信诚资产管理有限公司","0M02UH","中信信诚君越29号专项资产管理计划"
"中信信诚资产管理有限公司","0M02UI","中信信诚君越30号专项资产管理计划"
"中信信诚资产管理有限公司","0M02UJ","中信信诚君越31号专项资产管理计划"
"中信信诚资产管理有限公司","0M02UK","中信信诚君越32号专项资产管理计划"
"中信信诚资产管理有限公司","0M02UL","中信信诚君越33号专项资产管理计划"
"中信信诚资产管理有限公司","0M02UM","中信信诚君越34号专项资产管理计划"
"中信信诚资产管理有限公司","0M02UN","中信信诚君越35号专项资产管理计划"
"中信信诚资产管理有限公司","0M02UO","中信信诚君越36号专项资产管理计划"
"中信信诚资产管理有限公司","0M02V5","中信信诚君越3号专项资产管理计划"
"中信信诚资产管理有限公司","0M02V6","中信信诚君越2号专项资产管理计划"
"中信信诚资产管理有限公司","0M02V7","中信信诚君越1号专项资产管理计划"
"中信建投基金管理有限公司","0Q0424","中信建投基金-菁英时代聚成2号资产管理计划"
"中信建投基金管理有限公司","0Q0512","中信建投基金鸿帆投资6号资产管理计划"
"中信建投基金管理有限公司","0Q0514","中信建投基金鸿帆投资7号资产管理计划"
"中信建投基金管理有限公司","0Q0519","中信建投基金-稳富5号资产管理计划"
"中信建投基金管理有限公司","0Q0551","中信建投基金-稳富6号资产管理计划"
"中信建投基金管理有限公司","0Q0555","中信建投基金-稳富10号资产管理计划"
"中信建投基金管理有限公司","0Q0557","中信建投基金-稳富7号资产管理计划"
"中信建投基金管理有限公司","0Q0562","中信建投基金-稳富8号资产管理计划"
"中信建投基金管理有限公司","0Q0564","中信建投基金-稳富9号资产管理计划"
"中信建投基金管理有限公司","0Q8143","中信建投浦信恒盈6号资产管理计划"
"浙江浙商证券资产管理有限公司","100102","浙商恒天稳钻1号新三板定向资产管理计划"
"富国基金管理有限公司","109901","富国基金量化1号集合资产管理计划"
"富国基金管理有限公司","109904","富国-厚道量化对冲1号混合型资产管理计划"
"易方达基金管理有限公司","119061","易方达新三板尊享1号资产管理计划"
"长安财富资产管理有限公司","151013","长安资产钜洲格隆新三板投资专项资产管理计划"
"银华基金管理股份有限公司","159969","银华深证100交易型开放式指数证券投资基金"
"天弘基金管理有限公司","159977","天弘创业板交易型开放式指数证券投资基金"
"国寿财富管理有限公司","15A004","国寿财富-惟志2号同创伟业新三板专项资产管理计划"
"富国基金管理有限公司","161032","富国中证煤炭指数分级证券投资基金"
"德邦基金管理有限公司","167702","德邦量化优选股票型证券投资基金（LOF）"
"德邦基金管理有限公司","167705","德邦量化新锐股票型证券投资基金（LOF）"
"银华资本管理（珠海横琴）有限公司","188090","银华资本-新三板-鑫金一号专项资产管理计划"
"博时资本管理有限公司","1K1170","博时资本稳健优选5号集合资产管理计划"
"银华基金管理股份有限公司","202401","银华基金—江苏银行股份有限公司量化1号资产管理计划"
"上海富诚海富通资产管理有限公司","23F901","富诚海富通-国泰君安-专项资产管理计划"
"上海富诚海富通资产管理有限公司","23f905","富诚海富通-红象精选专项资产管理计划"
"景顺长城基金管理有限公司","268088","星辰之景顺长城多策略资产管理计划"
"泰信基金管理有限公司","298016","泰信融鑫2号价值成长资产管理计划"
"浙江浙商证券资产管理有限公司","300068","浙商恒天稳增定向增发1号定向资产管理计划"
"兴证全球基金管理有限公司","341170","兴全建发定增1号特定客户资产管理计划"
"兴证全球基金管理有限公司","341172","兴全华龙证券灵活配置特定客户资产管理计划"
"兴证全球基金管理有限公司","343586","兴全-春晓灵活配置特定多客户资产管理计划"
"兴证全球基金管理有限公司","343589","兴全-新步步高3号特定多客户资产管理计划"
"兴证全球基金管理有限公司","343593","兴全睿众59号集合资产管理计划"
"兴证全球基金管理有限公司","343596","兴全-新步步高5号集合资产管理计划"
"兴证全球基金管理有限公司","343597","兴全睿众50号集合资产管理计划"
"兴证全球基金管理有限公司","343620","兴全睿众67号集合资产管理计划"
"上投摩根基金管理有限公司","371047","上投摩根新三板1号资产管理计划"
"上投摩根基金管理有限公司","371052","上投摩根事件驱动资产管理计划"
"上投摩根基金管理有限公司","371053","上投摩根新三板掘金1号资产管理计划"
"上投摩根基金管理有限公司","371054","上投摩根新三板2号资产管理计划"
"上投摩根基金管理有限公司","371057","上投摩根优选组合资产管理计划"
"上投摩根基金管理有限公司","371102","尚投稳进新三板3号资产管理计划"
"博时资本管理有限公司","372H84","博时资本稳健优选6号集合资产管理计划"
"博时资本管理有限公司","378H84","博时资本稳健优选8号集合资产管理计划"
"融通基金管理有限公司","380083","融通-融元1号资产管理计划"
"嘉合基金管理有限公司","3BI4V0","嘉合基金趋势一号集合资产管理计划"
"银河资本资产管理有限公司","3I1351","银河资本-富善优享6号资产管理计划"
"银河资本资产管理有限公司","3I1352","银河资本-富善优享6号尊享2期资产管理计划"
"银河资本资产管理有限公司","3I1354","银河资本-富善优享6号尊享3期资产管理计划"
"银河资本资产管理有限公司","3I1355","银河资本-富善优享6号尊享5期资产管理计划"
"九泰基金管理有限公司","3Q0706","九泰基金-新三板50号资产管理计划"
"天弘基金管理有限公司","421746","天弘量化驱动资产管理计划"
"天弘基金管理有限公司","421794","天弘基金严选之乐瑞强债集合资产管理计划"
"天弘基金管理有限公司","421796","天弘基金严选之乐瑞强债二期集合资产管理计划"
"天弘创新资产管理有限公司","429506","天弘天方-弘丰瑞领新三板1号专项资产管理计划"
"兴证全球基金管理有限公司","466DDK","兴全拾级1号单一资产管理计划"
"富荣基金管理有限公司","4U2005","富荣主题成长2号特定资产管理计划"
"汇安基金管理有限责任公司","4Y9024","汇安基金-中兵投资定增1号资产管理计划"
"长信基金管理有限责任公司","501002","长信价值优选混合型证券投资基金"
"长信基金管理有限责任公司","501003","长信量化优选混合型证券投资基金（LOF）"
"平安基金管理有限公司","511700","平安交易型货币市场基金"
"德邦基金管理有限公司","511760","德邦现金宝交易型货币市场基金"
"中融基金管理有限公司","511930","中融日日盈交易型货币市场基金"
"国联安基金管理有限公司","512480","国联安中证全指半导体产品与设备交易型开放式指数证券投资基金"
"长信基金管理有限责任公司","519931","长信上证港股通指数型发起式证券投资基金"
"长信基金管理有限责任公司","519943","长信利率债债券型证券投资基金"
"中欧盛世资产管理（上海）有限公司","5780091","中欧-浦信恒盈1号资产管理计划"
"中欧基金管理有限公司","579543","中欧恒峰资产管理计划"
"格林基金管理有限公司","5D1001","格林基金-转型中国1号资产管理计划"
"格林基金管理有限公司","5D8007","格林基金诚盈1号流动性管理计划"
"格林基金管理有限公司","5D8016","格林基金纯债策略单一资产管理计划"
"国融基金管理有限公司","5J0005","国融合兴4号资产管理计划"
"国融基金管理有限公司","5J0006","国融天益2号资产管理计划"
"国融基金管理有限公司","5J0007","国融增利2号资产管理计划"
"国融基金管理有限公司","5J0011","国融基金-增利3号集合资产管理计划"
"国融基金管理有限公司","5J0013","国融基金-增利5号集合资产管理计划"
"国融基金管理有限公司","5J1002","国融天鑫1号资产管理计划"
"国融基金管理有限公司","5J1003","国融安怡3号资产管理计划"
"国融基金管理有限公司","5J1005","国融安怡4号资产管理计划"
"国融基金管理有限公司","5J1011","国融安怡15号资产管理计划"
"国融基金管理有限公司","5J1012","国融安怡16号资产管理计划"
"国融基金管理有限公司","5J1013","国融安怡17号资产管理计划"
"国融基金管理有限公司","5J1014","国融安怡21号资产管理计划"
"国融基金管理有限公司","5J1015","国融安怡24号资产管理计划"
"国融基金管理有限公司","5J1016","国融鲁民投1号资产管理计划"
"国融基金管理有限公司","5J1017","国融基金-安泰2号单一资产管理计划"
"国融基金管理有限公司","5J1018","国融基金-安怡26号单一资产管理计划"
"国融基金管理有限公司","5J1020","国融基金-安怡29号单一资产管理计划"
"中欧盛世资产管理（上海）有限公司","600149","中欧盛世-隆鑫3号专项资产管理计划"
"中欧盛世资产管理（上海）有限公司","600150","中欧盛世-隆鑫2号专项资产管理计划"
"华宸未来基金管理有限公司","601XL3","华宸未来长盈33号单一资产管理计划"
"浦银安盛基金管理有限公司","648008","浦银安盛-安诚2号资产管理计划"
"浦银安盛基金管理有限公司","648009","浦银安盛—安诚3号资产管理计划"
"浦银安盛基金管理有限公司","648012","浦银安盛-安诚7号资产管理计划"
"浦银安盛基金管理有限公司","648014","浦银安盛—安诚5号资产管理计划"
"浦银安盛基金管理有限公司","648016","浦银安盛—安诚6号资产管理计划"
"浦银安盛基金管理有限公司","648049","浦银安盛-安诚9号资产管理计划"
"浦银安盛基金管理有限公司","648061","浦银安盛盛明1号单一资产管理计划"
"浦银安盛基金管理有限公司","649055","浦银安盛智选2号集合资产管理计划"
"浦银安盛基金管理有限公司","649056","浦银安盛智选3号集合资产管理计划"
"西部利得基金管理有限公司","675041","西部利得合享债券型证券投资基金"
"西部利得基金管理有限公司","675051","西部利得合赢债券型证券投资基金"
"睿远基金管理有限公司","6E0201","睿远基金君见成长集合资产管理计划"
"睿远基金管理有限公司","6E0202","睿远基金君见价值集合资产管理计划"
"深圳平安大华汇通财富管理有限公司","707891","平安汇通-对冲精英之筑金专项资产管理计划"
"深圳平安大华汇通财富管理有限公司","708005","平安汇通-对冲精英之青骓特定客户资产管理计划"
"上海国富投资管理有限公司","708317","平安汇通-对冲精英之国富特定客户资产管理计划"
"深圳平安大华汇通财富管理有限公司","708619","平安汇通股往金来（混沌道然）分级5号特定客户资产管理计划"
"富安达基金管理有限公司","719087","富安达-紫金景融1号资产管理计划"
"富安达基金管理有限公司","719175","富安达-瑞升稳健量化对冲4号资产管理计划"
"深圳市红塔资产管理有限公司","7390067","红塔资产祥云一号资产管理计划"
"安信基金管理有限责任公司","758002","安信基金兴业国信量化阿尔法系列1期资产管理计划"
"江信基金管理有限公司","759320","江信基金聚财21号资产管理计划"
"北京千石创富资本管理有限公司","76A041","千石资本-咏明创享对冲1号资产管理计划"
"北京千石创富资本管理有限公司","76E048","千石资本-双隆量化对冲资产管理计划"
"德邦基金管理有限公司","770318","德邦基金-润京1号资产管理计划"
"深圳市红塔资产管理有限公司","789057","红塔资产-稠州银行-010号特定多个客户资产管理计划"
"深圳市红塔资产管理有限公司","789059","红塔资产-稠州银行-009号特定多个客户资产管理计划"
"深圳市红塔资产管理有限公司","789075","红塔资产-稠州银行-023号特定多个客户资产管理计划"
"深圳市红塔资产管理有限公司","789078","红塔资产-稠州银行-025号特定多个客户资产管理计划"
"深圳市红塔资产管理有限公司","789085","红塔资产-稠州银行-027号特定多个客户资产管理计划"
"深圳市红塔资产管理有限公司","789087","红塔资产-稠州银行-028号特定多个客户资产管理计划"
"中融基金管理有限公司","820081","中融基金-华聚量化对冲1号资产管理计划"
"富国基金管理有限公司","900072","富国基金-兴业财富优先收益3号资产管理计划"
"富国基金管理有限公司","900103","富国基金-上海国际资产管理计划（定增专户）"
"富国基金管理有限公司","900114","富国基金-西藏投资资产管理计划（定增专户）"
"富国基金管理有限公司","900147","富国基金-上海国际2号资产管理计划"
"富国基金管理有限公司","900159","富国基金-安信证券资产管理计划"
"上海国泰君安证券资产管理有限公司","953022","国泰君安君享通宝33号集合资产管理计划"
"上海国泰君安证券资产管理有限公司","953038","国泰君安君享通宝57号集合资产管理计划"
"上海国泰君安证券资产管理有限公司","953039","国泰君安君享通宝58号集合资产管理计划"
"上海国泰君安证券资产管理有限公司","953044","国泰君安君享通宝53号集合资产管理计划"
"上海国泰君安证券资产管理有限公司","953045","国泰君安君享通宝25号集合资产管理计划"
"上海国泰君安证券资产管理有限公司","953050","国泰君安君享通宝23号集合资产管理计划"
"上海国泰君安证券资产管理有限公司","953051","国泰君安君享通宝54号集合资产管理计划"
"上海国泰君安证券资产管理有限公司","953052","国泰君安君享通宝66号集合资产管理计划"
"上海国泰君安证券资产管理有限公司","953053","国泰君安君享通宝67号集合资产管理计划"
"上海国泰君安证券资产管理有限公司","953054","国泰君安君享通宝68号集合资产管理计划"
"上海国泰君安证券资产管理有限公司","953055","国泰君安君享通宝71号集合资产管理计划"
"上海国泰君安证券资产管理有限公司","953056","国泰君安君享通宝69号集合资产管理计划"
"上海国泰君安证券资产管理有限公司","953057","国泰君安君享通宝64号集合资产管理计划"
"上海国泰君安证券资产管理有限公司","953058","国泰君安君享通宝72号集合资产管理计划"
"上海国泰君安证券资产管理有限公司","953059","国泰君安君享通宝65号集合资产管理计划"
"上海国泰君安证券资产管理有限公司","953061","国泰君安君享通宝73号集合资产管理计划"
"上海国泰君安证券资产管理有限公司","953062","国泰君安君享通宝74号集合资产管理计划"
"上海国泰君安证券资产管理有限公司","953063","国泰君安君享通宝77号集合资产管理计划"
"上海国泰君安证券资产管理有限公司","953064","国泰君安君享通宝75号集合资产管理计划"
"上海国泰君安证券资产管理有限公司","953065","国泰君安君享通宝78号集合资产管理计划"
"上海国泰君安证券资产管理有限公司","953066","国泰君安君享通宝79号集合资产管理计划"
"上海国泰君安证券资产管理有限公司","953067","国泰君安君享通宝76号集合资产管理计划"
"上海国泰君安证券资产管理有限公司","953068","国泰君安君享通宝81号集合资产管理计划"
"上海国泰君安证券资产管理有限公司","953069","国泰君安君享通宝82号集合资产管理计划"
"上海国泰君安证券资产管理有限公司","953070","国泰君安君享通宝83号集合资产管理计划"
"上海国泰君安证券资产管理有限公司","953071","国泰君安君享通宝85号集合资产管理计划"
"上海国泰君安证券资产管理有限公司","953072","国泰君安君享通宝86号集合资产管理计划"
"上海国泰君安证券资产管理有限公司","953073","国泰君安君享通宝92号集合资产管理计划"
"上海国泰君安证券资产管理有限公司","953074","国泰君安君享通宝91号集合资产管理计划"
"上海国泰君安证券资产管理有限公司","953075","国泰君安君享通宝93号集合资产管理计划"
"上海国泰君安证券资产管理有限公司","953077","国泰君安君享通宝97号集合资产管理计划"
"上海国泰君安证券资产管理有限公司","953119","国泰君安君享通宝84号集合资产管理计划"
"东方汇智资产管理有限公司","A15089","东方汇智-善长1号资产管理计划"
"中国中金财富证券有限公司","AAA388","中金财富私享667号FOF单一资产管理计划"
"东证融汇证券资产管理有限公司","AF1136","东证融汇融达26号集合资产管理计划"
"安信乾盛财富管理（深圳）有限公司","AXZZGF","安信乾盛资舟观复1号专项资产管理计划"
"海通期货股份有限公司","B3U0BA","海通期货海盈56号单一资产管理计划"
"国海富兰克林基金管理有限公司","B45021","富兰克林国海沪深300指数稳盈分级5号特定多个客户资产管理计划"
"浙江浙商证券资产管理有限公司","B60322","浙商金惠新三板扬帆1号集合资产管理计划"
"浙江浙商证券资产管理有限公司","B60324","浙商金惠新三板启航1号集合资产管理计划"
"浙江浙商证券资产管理有限公司","B60326","浙商金惠新三板启航2号集合资产管理计划"
"浙江浙商证券资产管理有限公司","B60327","浙商金惠新三板启航3号集合资产管理计划"
"浙江浙商证券资产管理有限公司","B60340","浙商金惠新三板启航6号集合资产管理计划"
"财通证券资产管理有限公司","B7WN2I","财通证券资管财鑫如意1号单一资产管理计划"
"财通证券资产管理有限公司","C43129","财通证券资管财新道1号集合资产管理计划"
"财通证券资产管理有限公司","C43142","财通证券资管财新道26号集合资产管理计划"
"财通证券资产管理有限公司","C43167","财通证券资管财新道27号集合资产管理计划"
"财通证券资产管理有限公司","C43229","财通证券资管财新道30号集合资产管理计划"
"财通证券资产管理有限公司","C43230","财通证券资管财新道31号集合资产管理计划"
"财通证券资产管理有限公司","C43240","财通证券资管财新道6号集合资产管理计划"
"财通证券资产管理有限公司","C43298","财通证券资管财稳道量化对冲18号集合资产管理计划"
"长城嘉信资产管理有限公司","CCJX01","长城嘉信-荣和1号专项资产管理计划"
"长城嘉信资产管理有限公司","CCJX2h","长城嘉信-中原宏业2号专项资产管理计划"
"长城嘉信资产管理有限公司","CCJXJD","长城嘉信-九鼎投资1号专项资产管理计划"
"上海财通资产管理有限公司","CTNHGY","财通资产-南汇工业园单一客户专项资产管理计划"
"海通期货股份有限公司","CXB640","海通期货-光华一期集合资产管理计划"
"博时基金管理有限公司","D00129","博时基金浦赢多策略资产管理计划"
"博时基金管理有限公司","D00167","博时基金-海银定增1号资产管理计划"
"海富通基金管理有限公司","DE0133","海富通东兴兴民1号资产管理计划"
"博时资本管理有限公司","E00063","博时资本-华能1号专项资产管理计划"
"博时资本管理有限公司","E00086","博时资本博创1号单一资产管理计划"
"博时资本管理有限公司","E00087","博时资本博创2号单一资产管理计划"
"博时资本管理有限公司","E00088","博时资本博创3号单一资产管理计划"
"博时资本管理有限公司","E00090","博时资本博创5号单一资产管理计划"
"博时资本管理有限公司","E00091","博时资本博创6号单一资产管理计划"
"川财证券有限责任公司","ED0017","川财证券清悦1号集合资产管理计划"
"中国国际金融股份有限公司","EEE002","中金财富私享891号FOF单一资产管理计划"
"中国国际金融股份有限公司","EEE003","中金财富私享879号FOF单一资产管理计划"
"万家共赢资产管理有限公司","EJ01S0","万家共赢三板2号资产管理计划"
"万家共赢资产管理有限公司","EJ022H","万家共赢东兴礡璞新三板专项资产管理计划"
"沣京资本管理（北京）有限公司","FJHGS","沣京沪港深价值精选一期私募证券投资基金"
"珠海富杉股权投资基金管理有限公司","FYAWY1","珠海富盈安稳赢投资合伙企业（有限合伙）"
"上海国泰君安格隆创业投资有限公司","GJCTLZ","上海国君创投隆兆投资管理中心（有限合伙）"
"上海国泰君安格隆创业投资有限公司","GLBGGQ","国泰君安格隆并购股权投资基金（上海）合伙企业（有限合伙）"
"太平洋证券股份有限公司","H3CCSG","太平洋证券360明星优选FOF1号集合资产管理计划"
"华宝证券有限责任公司","HLHY01","华宝证券华量辉耀1号FOF集合资产管理计划"
"中国国际金融股份有限公司","JE264","中金财富私享280号FOF单一资产管理计划"
"中国国际金融股份有限公司","JL232","中金财富私享810号FOF单一资产管理计划"
"南方资本管理有限公司","JXA8DJ","南方资本鑫胜1号单一资产管理计划"
"大连瑞华投资管理有限公司","JXHF01","嘉兴鸿富投资合伙企业(有限合伙)"
"上海易钜资产管理有限公司","JZXBHH","上海钜洲兴博投资中心（有限合伙）"
"钜洲资产管理（上海）有限公司","JZXQHH","上海钜洲兴庆投资中心（有限合伙）"
"上海光控动态投资管理有限公司","MJ0007","上海光控动态投资中心（有限合伙）"
"嘉实资本管理有限公司","MJ0196","嘉实资本津门7号专项资产管理计划"
"嘉实资本管理有限公司","MJ524","嘉实资本津门6号专项资产管理计划"
"长安财富资产管理有限公司","MJ525","长安资产-华安1号专项资产管理计划"
"中国国际金融股份有限公司","MML228","中金财富私享816号FOF单一资产管理计划"
"中国国际金融股份有限公司","MML232","中金财富私享861号FOF单一资产管理计划"
"中国国际金融股份有限公司","MML248","中金财富私享881号FOF单一资产管理计划"
"中国国际金融股份有限公司","MML268","中金财富私享728号FOF单一资产管理计划"
"兴证全球基金管理有限公司","N0QYUI","兴全睿福2号单一资产管理计划"
"浙江比特资产管理有限公司","P1033692","比特六号私募证券投资基金"
"浙江鸿汇资产管理有限公司","P1061483","大鸿稳健型债券私募投资基金"
"银华资本管理（珠海横琴）有限公司","S188094","银华资本-新三板-鑫金二号专项资产管理计划"
"上海淘利资产管理有限公司","S21745","淘利策略指数稳健2号基金"
"环球巨富（北京）投资有限公司","S22065","环球巨富稳健系列201410号专项基金"
"环球巨富（北京）投资有限公司","S22591","环球巨富稳健系列201411号专项基金"
"上海凯石益正资产管理有限公司","S22734","凯石双策略3号证券投资基金"
"江苏远见资本管理有限公司","S23213","远见3号资产管理计划"
"浙江金观诚财富管理有限公司","S23269","金诚5号-泗阳县望湖名都保障性安置项目私募基金"
"上海娄江投资管理中心（有限合伙）","S23519","娄江-元亨二号并购投资基金"
"浙江金观诚财富管理有限公司","S23761","金诚5号（二期）-泗阳县望湖名都保障性安置项目私募基金"
"华泰长城期货有限公司","S24500","华泰长城期货道泓善1号资产管理计划"
"华泰长城期货有限公司","S24593","华泰长城期货永固1号资产管理计划"
"华泰长城期货有限公司","S24594","华泰长城期货荣耀1号资产管理计划"
"华泰长城期货有限公司","S24595","华泰长城期货倍健1号资产管理计划"
"华泰长城期货有限公司","S24596","华泰长城期货冀北1号资产管理计划"
"华泰长城期货有限公司","S24597","华泰长城期货富丽1号资产管理计划"
"华泰长城期货有限公司","S24671","华泰长城期货永固2号资产管理计划"
"华泰长城期货有限公司","S24672","华泰长城期货荣耀2号资产管理计划"
"华泰长城期货有限公司","S24673","华泰长城期货倍健2号资产管理计划"
"华泰长城期货有限公司","S24674","华泰长城期货冀北2号资产管理计划"
"华泰长城期货有限公司","S24675","华泰长城期货富丽2号资产管理计划"
"华安期货有限责任公司","S24769","华安期货安赢1号特定多客户资产管理计划"
"银河期货有限公司","S24842","银河期货双隆价值增长资产管理计划"
"海通期货股份有限公司","S24880","海通玄武天琪盈润七号特定多个客户资产管理计划"
"华泰长城期货有限公司","S24969","华泰长城期货镕堃鑫昀1号资产管理计划"
"江苏远见资本管理有限公司","S27476","远见5号资产管理计划"
"北京中融鼎新投资管理有限公司","S28473","中融鼎新融稳达1号新三板基金"
"北京中融鼎新投资管理有限公司","S28729","中融鼎新天狮股权投资基金1号"
"北京永安财富投资基金管理有限公司","S293550","北京永安新兴投资管理中心（有限合伙）"
"兴证期货有限公司","S30017","兴诚启态易方量化2号资产管理计划"
"兴证期货有限公司","S30018","兴诚山鹰1号资产管理计划"
"兴证创新资本管理有限公司","S32458","漳州兴证片仔癀股权投资合伙企业（有限合伙）"
"上海国泰君安格隆创业投资有限公司","S34113","上海国君创投隆博投资管理中心（有限合伙）"
"上海国泰君安格隆创业投资有限公司","S34114","上海国君创投证鋆四号股权投资合伙企业（有限合伙）"
"上海国泰君安格隆创业投资有限公司","S34116","上海国君创投隆钧投资管理中心（有限合伙）"
"北京中融鼎新投资管理有限公司","S35007","中融鼎新射手打新基金1号"
"上海理能资产管理有限公司","S35200","上海理鼎投资管理中心（有限合伙）"
"磐厚蔚然（上海）资产管理有限公司","S35302","磐厚蔚然-继游一号基金"
"上海国泰君安格隆创业投资有限公司","S35841","上海国君创投隆悦投资管理中心（有限合伙）"
"深圳市复利基金管理有限公司","S35937","复利价值投资基金"
"北京中融鼎新投资管理有限公司","S35945","中融鼎新双子证券投资基金1号"
"上海国泰君安格隆创业投资有限公司","S36178","鹰潭市国泰君安创投隆信投资中心（有限合伙）"
"上海国泰君安格隆创业投资有限公司","S36534","上海国君创投证鋆二号股权投资合伙企业（有限合伙）"
"兴证期货有限公司","S36645","兴诚金晨晟3号资产管理计划"
"上海国泰君安格隆创业投资有限公司","S36796","上海国君创投证鋆三号股权投资合伙企业（有限合伙）"
"上海国泰君安格隆创业投资有限公司","S36877","上海国君创投隆盛投资中心（有限合伙）"
"深圳市复利基金管理有限公司","S37119","复利价值投资2号基金"
"上海银领资产管理有限公司","S37123","上海誉如投资中心（有限合伙）"
"北京中融鼎新投资管理有限公司","S38333","中融鼎新-融稳达3号新三板投资基金"
"上海证大投资管理有限公司","S39108","证大久盈旗舰3号私募证券投资基金"
"南华期货股份有限公司","S39666","南华期货股份有限公司弘富1号资产管理计划"
"南华期货股份有限公司","S39667","南华期货股份有限公司弘富2号资产管理计划"
"浙江金观诚财富管理有限公司","S39864","金诚15号-泰州港港口工程建设基金"
"浙江金观诚财富管理有限公司","S39887","泰州港港口工程建设基金"
"华泰期货有限公司","S39905","华泰期货和正成长量化2期资产管理计划"
"山西证券股份有限公司","S51023","山西证券稳健收益21号集合资产管理计划"
"山西证券股份有限公司","S51071","山西证券稳健收益18号集合资产管理计划"
"山西证券股份有限公司","S51097","山西证券稳健收益17号集合资产管理计划"
"山西证券股份有限公司","S52633","山西证券对冲精选1号集合资产管理计划"
"山西证券股份有限公司","S52635","山西证券稳健收益19号集合资产管理计划"
"山西证券股份有限公司","S53807","山西证券稳健收益20号集合资产管理计划"
"山西证券股份有限公司","S55968","山西证券对冲精选2号集合资产管理计划"
"山西证券股份有限公司","S56631","山西证券稳健收益22号集合资产管理计划"
"山西证券股份有限公司","S56873","山西证券稳健优选31号集合资产管理计划"
"山西证券股份有限公司","S57449","山西证券稳健收益23号集合资产管理计划"
"上海国泰君安格隆创业投资有限公司","S60200","上海国君创投隆旭投资管理中心（有限合伙）"
"江苏嘉和源资产管理有限公司","S60471","南京茂益昌投资管理合伙企业（有限合伙）"
"上海正合岛投资管理有限责任公司","S60899","嘉兴正合岛投资合伙企业（有限合伙）"
"上海国泰君安格隆创业投资有限公司","S60930","厦门国泰君安建发股权投资合伙企业（有限合伙）"
"西藏昆吾九鼎投资管理有限公司","S61248","九鼎投资定向增发专项1号基金"
"华泰期货有限公司","S62416","华泰期货分级基金一号资产管理计划"
"华泰期货有限公司","S62421","华泰期货分级基金一号-A期资产管理计划"
"华泰期货有限公司","S62422","华泰期货分级基金一号-B期资产管理计划"
"华泰期货有限公司","S62423","华泰期货量化对冲一号资产管理计划"
"华泰期货有限公司","S62424","华泰期货量化对冲一号-A期资产管理计划"
"华泰期货有限公司","S62426","华泰期货量化对冲一号-B期资产管理计划"
"磐厚蔚然（上海）资产管理有限公司","S64917","磐厚蔚然-PHC产业价值1号基金"
"国泰君安资本管理有限公司","S65044","上海国泰君安创新创业投资中心（有限合伙）"
"华泰期货有限公司","S65580","华泰期货量化对冲一号-C期资产管理计划"
"中证联合投资控股有限公司","S66154","天津赢创贰号资产管理合伙企业（有限合伙）"
"上海新方程股权投资管理有限公司","S66384","新方程相聚精选证券投资基金-尊享A"
"上海新方程股权投资管理有限公司","S66388","新方程相聚精选证券投资基金"
"上海证大投资管理有限公司","S66888","证大久盈套利1号私募证券投资基金"
"上海新方程股权投资管理有限公司","S67086","新方程对冲多策略组合基金"
"深圳市盛世景投资有限公司","S67350","深圳前海盛世圣金投资企业（有限合伙）"
"上海盛律投资管理有限公司","S67499","珠海横琴盛世财金股权投资合伙企业（有限合伙）"
"上海新方程股权投资管理有限公司","S67976","新方程对冲精选二号基金"
"西藏昆吾九鼎投资管理有限公司","S68706","九鼎投资定向增发专项2号基金"
"湖南中仁资产管理有限公司","S69555","九慧七号私募证券投资基金"
"上海新方程股权投资管理有限公司","S69781","新方程申毅证券投资基金"
"山西证券股份有限公司","S70107","山西证券新三板2号集合资产管理计划"
"山西证券股份有限公司","S71099","山西证券新三板1号集合资产管理计划"
"山西证券股份有限公司","S71801","山西证券稳健收益24号集合资产管理计划"
"山西证券股份有限公司","S72337","山西证券稳健收益25号集合资产管理计划"
"山西证券股份有限公司","S72870","山西证券稳健收益27号集合资产管理计划"
"山西证券股份有限公司","S73155","山西证券稳健收益28号集合资产管理计划"
"山西证券股份有限公司","S73616","山西证券稳健收益29号集合资产管理计划"
"山西证券股份有限公司","S74343","山西证券对冲精选3号集合资产管理计划"
"山西证券股份有限公司","S75120","山西证券稳健收益30号集合资产管理计划"
"华泰期货有限公司","S80282","华泰期货量化对冲一号-DA期资产管理计划"
"上海新方程股权投资管理有限公司","S81992","新方程星动力S8号基金"
"上海新方程股权投资管理有限公司","S83011","新方程固定收益精选2号基金"
"上海新方程股权投资管理有限公司","S84645","新方程鼎宝对冲基金-瑞享1号"
"华泰期货有限公司","S84760","华泰期货量化招盈资产管理计划"
"上海新方程股权投资管理有限公司","S85151","新方程肯阳价值实现海外基金"
"中国国际金融股份有限公司","S937","中金财富私享267号FOF单一资产管理计划"
"上海海通证券资产管理有限公司","SAE856","海通智选1号集合资产管理计划"
"上海海通证券资产管理有限公司","SAJ799","海通智选2号集合资产管理计划"
"深圳市中债投资基金管理有限公司","SCA845","股债红2号私募基金"
"宁波宁聚资产管理中心（有限合伙）","SCB292","宁聚斑马2号私募证券投资基金"
"上海泓信投资管理有限公司","SCD751","泓信泓筹十八号量化选股私募基金"
"上海相变投资管理有限公司","SCF729","相变稳健4期私募投资基金"
"创元期货股份有限公司","SCL261","创元长流9号资产管理计划"
"上海棋剑资产管理有限公司","SCM030","棋剑季胜量化2号私募证券投资基金"
"创元期货股份有限公司","SCM059","创元长流10号集合资产管理计划"
"深圳市林园投资管理有限责任公司","SCM322","林园投资30号私募证券投资基金"
"暖流资产管理股份有限公司","SCM718","暖流信稳1号私募投资基金"
"上海泽胜投资管理有限公司","SCP249","泽胜-国策驱动1号私募投资基金"
"上海少薮派投资管理有限公司","SCP786","少数派沪深港6号私募证券投资基金"
"杭州源铨投资管理有限公司","SCQ004","源铨西湖5号私募债券投资基金"
"陕西蓝鲸投资管理有限公司","SCQ612","蓝鲸固收宝5号私募投资基金"
"创元期货股份有限公司","SCS909","创元久兴二号集合资产管理计划"
"西藏合众易晟投资管理有限责任公司","SCT103","合众易晟复利增长5号私募证券投资基金"
"上海万霁资产管理有限公司","SCU566","万霁长虹七号私募证券投资基金"
"深圳科乐投资管理企业（有限合伙）","SCV200","赑屃科乐太阳雨五号私募证券投资基金"
"北京黑水磐石资产管理有限责任公司","SCV616","黑水磐石成长三号私募基金"
"北京黑水磐石资产管理有限责任公司","SCX081","黑水磐石成长四号私募基金"
"上海申毅投资股份有限公司","SCX145","申毅骏腾3号私募投资基金"
"兴证创新资本管理有限公司","SCX409","平潭兴证鑫泽股权投资合伙企业（有限合伙）"
"上海希瓦资产管理有限公司","SCY337","希瓦小牛13号私募证券投资基金"
"上海鸣石投资管理有限公司","SCY566","鸣石量化3号私募证券投资基金"
"上海海通证券资产管理有限公司","SCY915","海通年年旺101号集合资产管理计划"
"上海海通证券资产管理有限公司","SCY916","海通年年旺102号集合资产管理计划"
"上海海通证券资产管理有限公司","SCY918","海通年年旺103号集合资产管理计划"
"福建滚雪球投资管理有限公司","SCZ370","滚雪球兴福1号私募证券投资基金"
"上海新方程股权投资管理有限公司","SD8108","新方程鹏扬精选1期证券投资基金"
"华泰期货有限公司","SD9102","华泰期货融儒成长1号A期资产管理计划"
"华泰期货有限公司","SD9103","华泰期货融儒成长1号B期资产管理计划"
"上海新方程股权投资管理有限公司","SD9170","新方程CTA投资基金"
"大成创新资本管理有限公司","SD9520","大成创新资本-瀚华1号专项资产管理计划"
"北京澎泰资本管理股份有限公司","SD9797","澎泰安全边际二期证券投资基金"
"上海凯纳璞淳资产管理有限公司","SE4603","凯纳涅槃1号"
"上海凯纳璞淳资产管理有限公司","SE4604","凯纳涅槃2号"
"上海凯纳璞淳资产管理有限公司","SE4612","凯纳鸿飞1号"
"上海凯纳璞淳资产管理有限公司","SE4619","凯纳鸿飞3号"
"上海凯纳璞淳资产管理有限公司","SE4620","凯纳鸿飞4号"
"上海凯纳璞淳资产管理有限公司","SE4621","凯纳鸿飞5号"
"广州盘通投资管理有限公司","SE5847","盘通1号证券投资基金"
"上海新方程股权投资管理有限公司","SE7390","新方程易皆福金融服务海外基金"
"上海健顺投资管理有限公司","SEA401","健顺云9号私募证券投资基金"
"深圳市隆利投资有限公司","SEA830","一凡私募证券投资基金"
"上海森恩资产管理有限公司","SEB834","福盈纳刺私募基金3号"
"广西智友投资有限公司","SEC597","智友成长一号私募证券投资基金"
"上海方圆达创投资合伙企业（有限合伙）","SEC665","方圆-睿智1号私募证券投资基金"
"上海方圆达创投资合伙企业（有限合伙）","SEC666","方圆-睿智2号私募证券投资基金"
"永安国富资产管理有限公司","SEC895","永安国富-多策略8号混合投资私募基金"
"杭州东锐资产管理有限公司","SEE069","东锐1号私募创业投资基金"
"国投安信期货有限公司","SEE278","国投安信天和1号资产管理计划"
"深圳能敬投资控股有限公司","SEE431","致盛一号私募投资基金"
"深圳能敬投资控股有限公司","SEE432","致盛二号私募投资基金"
"深圳能敬投资控股有限公司","SEE433","致盛三号私募投资基金"
"深圳能敬投资控股有限公司","SEE434","致盛四号私募投资基金"
"上海于翼资产管理合伙企业（有限合伙）","SEE463","东方点赞13号证券私募基金"
"上海泽堃资产管理有限责任公司","SEE651","泽堃积极增长1号私募投资基金"
"福建致远资产管理有限公司","SEE792","致远泰禾员工持股一号私募证券投资基金"
"上海国富投资管理有限公司","SEF113","国富投资神盾1号私募证券投资基金"
"上海艾方资产管理有限公司","SEF423","艾方盈鑫3号私募证券投资基金"
"上海微丰投资管理合伙企业（有限合伙）","SEF533","微丰8号私募证券投资基金"
"深圳能敬投资控股有限公司","SEF563","致盛五号私募投资基金"
"深圳市景泰利丰投资发展有限公司","SEF750","景泰复利回报第二十期私募证券投资基金"
"上海竹筠资产管理有限公司","SEF891","上海竹筠索罗一期私募基金"
"上海汇势通投资管理有限公司","SEJ244","汇势通华德8号私募证券投资基金"
"上海凯纳璞淳资产管理有限公司","SEJ395","凯纳量化对冲10号私募证券基金"
"上海明汯投资管理有限公司","SEJ571","明汯沪千多策略对冲1号私募证券投资基金"
"上海珺容投资管理有限公司","SEJ648","珺容双动力2号私募证券投资基金"
"福建泽源资产管理有限公司","SEK316","泽源23号私募证券投资基金"
"中航基金管理有限公司","SEK455","中航基金同德磐石1号单一资产管理计划"
"前海宽鼎基金管理（深圳）有限公司","SEL034","宽鼎多策略6号私募证券投资基金"
"北京君享资产管理有限责任公司","SEL116","君享丰润一号私募证券投资基金"
"洪泰万亨资产管理（深圳）有限公司","SEL706","云开见月私募证券投资基金"
"华泰期货有限公司","SEL902","华泰期货榕树壹号集合资产管理计划"
"上海尚雅投资管理有限公司","SEM179","尚雅消费成长私募证券投资基金"
"上海健顺投资管理有限公司","SEM799","健顺云10号私募证券投资基金"
"前海宽鼎基金管理（深圳）有限公司","SEQ587","宽鼎量化磐石2号私募证券投资基金"
"深圳市领丰资本管理有限公司","SER198","领丰投资长量1号私募投资基金"
"北京富溪投资管理有限公司","SER222","富溪宏观尊享计划私募投资基金"
"杭州南象资产管理有限公司","SES096","南象指数量化增强1号私募证券投资基金"
"上海北信瑞丰资产管理有限公司","SES214","北信瑞丰资产鸿运六号单一资产管理计划"
"磐京股权投资基金管理(上海)有限公司","SES833","磐京新兴动力1期私募投资基金"
"上海金浦智能科技投资管理有限公司","SES862","上海哥林企业管理合伙企业（有限合伙）"
"上海货力资产管理有限公司","SET055","货力量化对冲5号私募证券投资基金"
"上海北信瑞丰资产管理有限公司","SET472","北信瑞丰资产鸿运七号单一资产管理计划"
"上海洛书投资管理有限公司","SEU673","洛书裕景光和私募证券投资基金"
"上海健顺投资管理有限公司","SEV593","健顺云11号私募证券投资基金"
"上海北信瑞丰资产管理有限公司","SEV971","北信瑞丰资产鸿运九号单一资产管理计划"
"华宝证券有限责任公司","SEW575","华宝证券华量安瑞1号FOF集合资产管理计划"
"合肥沃加投资管理有限公司","SEX968","沃加同会价值一期私募证券投资基金"
"上海瑾谷资产管理有限公司","SEY297","瑾谷资产阳羡1号私募证券投资基金"
"上海恒基浦业资产管理有限公司","SEZ393","恒基浦业祥悦1号可转债增强证券私募投资基金"
"上海鸣石投资管理有限公司","SEZ811","鸣石量化19号私募证券投资基金"
"宁波灵均投资管理合伙企业（有限合伙）","SGA498","灵均尊享中性策略1号1期私募证券投资基金"
"南京瑞航投资管理有限公司","SGA870","瑞航长江1期私募证券投资基金"
"珠海佳期投资有限公司","SGB188","佳期星云私募证券投资基金一期"
"福建泽源资产管理有限公司","SGC004","泽源25号私募证券投资基金"
"苏州工业园区华智汇金资产管理有限公司","SGC053","苏华智量化成长1号私募证券投资基金"
"宁波子润投资管理有限公司","SGC100","子润东来私募证券投资基金"
"杭州玖誉资产管理有限公司","SGC193","玖誉三号私募证券投资基金"
"上海贤盛投资管理有限公司","SGC220","贤盛稳健增强2号私募证券投资基金"
"上海象限资产管理有限公司","SGC405","象限3号私募证券投资基金"
"上海一村投资管理有限公司","SGC473","一村源启1号私募证券投资基金"
"上海一村投资管理有限公司","SGC500","一村源启2号私募证券投资基金"
"深圳能敬投资控股有限公司","SGC775","能敬金开一号证券私募投资基金"
"深圳能敬投资控股有限公司","SGD033","能敬致盛八号证券私募投资基金"
"深圳能敬投资控股有限公司","SGD035","能敬致盛九号证券私募投资基金"
"上海今通投资管理有限公司","SGE379","今通金猪首发私募证券投资基金"
"海南旭日盛德资产管理有限公司","SGE537","旭日盛德价值成长六期私募证券投资基金"
"华元恒道（上海）投资管理有限公司","SGE692","华元恒道启鸣一期私募证券投资基金"
"上海玖歌投资管理有限公司","SGF789","玖歌久诚1号私募证券投资基金"
"上海于翼资产管理合伙企业（有限合伙）","SGG278","于翼东方点赞17号私募证券投资基金"
"上海国富投资管理有限公司","SGG519","国富投资神盾2号私募证券投资基金"
"上海杉树资产管理有限公司","SGH046","杉树量化策略私募证券投资基金"
"九坤投资（北京）有限公司","SGH509","九坤长量一号私募证券投资基金"
"上海合绎投资管理有限公司","SGJ102","合绎塑造者吉祥1号私募证券投资基金"
"广州永兴投资有限公司","SGJ272","永兴长量1号私募证券投资基金"
"深圳大禾投资管理有限公司","SGJ864","大禾投资—掘金27号私募证券投资基金"
"上海锐天投资管理有限公司","SGJ884","锐天长量二号证券私募投资基金"
"上海一村投资管理有限公司","SGK616","一村源启3号私募证券投资基金"
"海通期货股份有限公司","SGK693","海通期货海盈科创1号集合资产管理计划"
"上海国富投资管理有限公司","SGL037","国富投资华安牛1号私募证券投资基金"
"上海国富投资管理有限公司","SGL864","国富投资富鑫1号私募证券投资基金"
"上海北信瑞丰资产管理有限公司","SGM285","北信瑞丰资产鸿运十八号单一资产管理计划"
"浙江白鹭资产管理股份有限公司","SGM404","白鹭桃花岛量化对冲六号私募证券投资基金"
"上海竹筠资产管理有限公司","SGN337","上海竹筠索罗二期私募证券投资基金"
"上海恒复投资管理有限公司","SGN508","恒复价值2号私募证券投资基金"
"建信期货有限责任公司","SGN668","建信期货-期盈量化1号集合资产管理计划"
"上海石锋资产管理有限公司","SGP227","石锋资产笃行3号私募证券投资基金"
"杭州雸昇资产管理有限公司","SGP468","雸昇长量1号私募证券投资基金"
"建信期货有限责任公司","SGQ166","建信期货-期汇畅想9号集合资产管理计划"
"宁波梅山保税港区晏渤投资管理有限公司","SGQ255","晏渤鸿燕行远2号私募证券投资基金"
"上海于翼资产管理合伙企业（有限合伙）","SGQ706","于翼东方点赞9号私募证券投资基金"
"银河期货有限公司","SGQ853","银河期货聊塑债券2号集合资产管理计划"
"天津祎童源资产管理有限公司","SGR850","祎童源量化稳健一号私募证券投资基金"
"北京丰润恒道投资管理有限公司","SGR894","丰润光大尊享一期私募证券投资基金"
"福建泽源资产管理有限公司","SGT042","泽源26号私募证券投资基金"
"深圳市盛冠达资产投资有限公司","SGT546","盛冠达CTA基本面量化5号私募证券投资基金"
"上海和常投资管理有限公司","SGT774","和常基准一号私募证券投资基金"
"上海同犇投资管理中心（有限合伙）","SGV575","同犇消费10号私募证券投资基金"
"北京丰润恒道投资管理有限公司","SGV887","丰润光大卓越一期私募证券投资基金"
"上海启林投资管理有限公司","SGW109","启林城堡私募证券投资基金"
"上海泓信投资管理有限公司","SGW192","泓信泓时三十七号私募证券投资基金"
"中国国际金融股份有限公司","SGW277","中金财富私享1号FOF单一资产管理计划"
"中国国际金融股份有限公司","SGW723","中金财富私享9号FOF单一资产管理计划"
"中国国际金融股份有限公司","SGW807","中金财富私享6号FOF单一资产管理计划"
"中国国际金融股份有限公司","SGX159","中金财富私享2号FOF单一资产管理计划"
"中国国际金融股份有限公司","SGX279","中金财富私享99号FOF单一资产管理计划"
"中国国际金融股份有限公司","SGX280","中金财富私享10号FOF单一资产管理计划"
"中国国际金融股份有限公司","SGX281","中金财富私享18号FOF单一资产管理计划"
"中国国际金融股份有限公司","SGX747","中金财富私享3号FOF单一资产管理计划"
"中国国际金融股份有限公司","SGX748","中金财富私享5号FOF单一资产管理计划"
"中国国际金融股份有限公司","SGX750","中金财富私享11号FOF单一资产管理计划"
"中国国际金融股份有限公司","SGX751","中金财富私享12号FOF单一资产管理计划"
"中国国际金融股份有限公司","SGX752","中金财富私享50号FOF单一资产管理计划"
"中国国际金融股份有限公司","SGX753","中金财富私享66号FOF单一资产管理计划"
"中国国际金融股份有限公司","SGX754","中金财富私享68号FOF单一资产管理计划"
"合肥沃加投资管理有限公司","SGX928","沃加格巴彼高一号私募证券投资基金"
"中国国际金融股份有限公司","SGY195","中金财富私享15号FOF单一资产管理计划"
"中国国际金融股份有限公司","SGY196","中金财富私享17号FOF单一资产管理计划"
"中国国际金融股份有限公司","SGY197","中金财富私享55号FOF单一资产管理计划"
"中国国际金融股份有限公司","SGY198","中金财富私享88号FOF单一资产管理计划"
"鲁民投基金管理有限公司","SGY610","鲁民投全天候一号私募证券投资基金"
"天津中冀盈方投资管理有限公司","SGY758","中冀量化致享私募证券投资基金"
"深圳前海无量资本管理有限公司","SGY931","无量猛牛3号私募证券投资基金"
"中国国际金融股份有限公司","SGZ021","中金财富私享7号FOF单一资产管理计划"
"中国国际金融股份有限公司","SGZ022","中金财富私享19号FOF单一资产管理计划"
"中国国际金融股份有限公司","SGZ023","中金财富私享20号FOF单一资产管理计划"
"中国国际金融股份有限公司","SGZ024","中金财富私享21号FOF单一资产管理计划"
"中国国际金融股份有限公司","SGZ025","中金财富私享23号FOF单一资产管理计划"
"中国国际金融股份有限公司","SGZ938","中金财富私享26号FOF单一资产管理计划"
"中国国际金融股份有限公司","SGZ941","中金财富私享27号FOF单一资产管理计划"
"中国国际金融股份有限公司","SGZ943","中金财富私享28号FOF单一资产管理计划"
"中国国际金融股份有限公司","SGZ944","中金财富私享29号FOF单一资产管理计划"
"中国国际金融股份有限公司","SGZ945","中金财富私享83号FOF单一资产管理计划"
"中国国际金融股份有限公司","SGZ946","中金财富私享32号FOF单一资产管理计划"
"中国国际金融股份有限公司","SGZ947","中金财富私享30号FOF单一资产管理计划"
"上海新方程股权投资管理有限公司","SH1559","新方程星动力S9号基金"
"中欧基金管理有限公司","SH2008","中欧基金浦赢量化对冲1号资产管理计划"
"华泰期货有限公司","SH2834","华泰期货-江苏量化招盈3号资产管理计划"
"富国基金管理有限公司","SH4175","富国基金浦赢量化对冲1号资产管理计划"
"上海达聪资产管理中心(有限合伙)","SHDZHH","上海达甄资产管理中心（有限合伙）"
"上海国泰君安格隆创业投资有限公司","SHYXHH","上海优欣投资管理中心（有限合伙）"
"上海裕众投资管理有限公司","SJ1832","裕众一号证券投资基金"
"中国国际金融股份有限公司","SJ232","中金财富私享817号FOF单一资产管理计划"
"上海新方程股权投资管理有限公司","SJ4683","新方程CTA组合基金"
"中投昆泰（北京）资产管理有限公司","SJ5931","济南凯石兄弟信息技术合伙企业（有限合伙）"
"深圳含金量资本管理有限公司","SJ6101","含金量多策略1号私募基金"
"申银万国期货有限公司","SJ8396","申万汇富威海融升一号资产管理计划"
"中国国际金融股份有限公司","SJ895","中金财富私享268号FOF单一资产管理计划"
"因诺（上海）资产管理有限公司","SJA553","因诺卓越启航3号私募证券投资基金"
"中国国际金融股份有限公司","SJA646","中金财富私享36号FOF单一资产管理计划"
"北京涵德投资管理有限公司","SJA686","涵德成益量化混合2号私募证券投资基金"
"中国国际金融股份有限公司","SJA704","中金财富私享31号FOF单一资产管理计划"
"中国国际金融股份有限公司","SJA705","中金财富私享48号FOF单一资产管理计划"
"中国国际金融股份有限公司","SJA710","中金财富私享86号FOF单一资产管理计划"
"中国国际金融股份有限公司","SJA712","中金财富私享98号FOF单一资产管理计划"
"上海思勰投资管理有限公司","SJA719","思勰投资稳增量化一号私募证券投资基金"
"朱雀基金管理有限公司","SJA730","朱雀CTA2号集合资产管理计划"
"中国国际金融股份有限公司","SJB073","中金财富私享35号FOF单一资产管理计划"
"中国国际金融股份有限公司","SJB074","中金财富私享51号FOF单一资产管理计划"
"中国国际金融股份有限公司","SJB075","中金财富私享38号FOF单一资产管理计划"
"中国国际金融股份有限公司","SJB078","中金财富私享39号FOF单一资产管理计划"
"九坤投资（北京）有限公司","SJB165","九坤长量二号私募证券投资基金"
"永安国富资产管理有限公司","SJB267","永安国富-多策略9号混合投资私募基金"
"中国国际金融股份有限公司","SJB701","中金财富私享52号FOF单一资产管理计划"
"中国国际金融股份有限公司","SJB702","中金财富私享53号FOF单一资产管理计划"
"中国国际金融股份有限公司","SJB706","中金财富私享70号FOF单一资产管理计划"
"中国国际金融股份有限公司","SJB707","中金财富私享71号FOF单一资产管理计划"
"中国国际金融股份有限公司","SJB708","中金财富私享72号FOF单一资产管理计划"
"中国国际金融股份有限公司","SJB709","中金财富私享75号FOF单一资产管理计划"
"中国国际金融股份有限公司","SJB710","中金财富私享77号FOF单一资产管理计划"
"中国国际金融股份有限公司","SJB711","中金财富私享79号FOF单一资产管理计划"
"中国国际金融股份有限公司","SJB712","中金财富私享81号FOF单一资产管理计划"
"中国国际金融股份有限公司","SJB713","中金财富私享87号FOF单一资产管理计划"
"华泰期货有限公司","SJB925","华泰期货FOF2号集合资产管理计划"
"中国国际金融股份有限公司","SJC167","中金财富私享67号FOF单一资产管理计划"
"中国国际金融股份有限公司","SJC429","中金财富私享93号FOF单一资产管理计划"
"中国国际金融股份有限公司","SJC430","中金财富私享100号FOF单一资产管理计划"
"中国国际金融股份有限公司","SJC431","中金财富私享101号FOF单一资产管理计划"
"中国国际金融股份有限公司","SJC624","中金财富私享57号FOF单一资产管理计划"
"中国国际金融股份有限公司","SJC625","中金财富私享62号FOF单一资产管理计划"
"中国国际金融股份有限公司","SJC626","中金财富私享63号FOF单一资产管理计划"
"中国国际金融股份有限公司","SJC627","中金财富私享65号FOF单一资产管理计划"
"中国国际金融股份有限公司","SJC629","中金财富私享69号FOF单一资产管理计划"
"中国国际金融股份有限公司","SJC630","中金财富私享73号FOF单一资产管理计划"
"中国国际金融股份有限公司","SJC631","中金财富私享80号FOF单一资产管理计划"
"中国国际金融股份有限公司","SJC632","中金财富私享82号FOF单一资产管理计划"
"中国国际金融股份有限公司","SJC877","中金财富私享201号FOF单一资产管理计划"
"中国国际金融股份有限公司","SJD124","中金财富私享213号FOF单一资产管理计划"
"中国国际金融股份有限公司","SJD393","中金财富私享22号FOF单一资产管理计划"
"中国国际金融股份有限公司","SJD398","中金财富私享92号FOF单一资产管理计划"
"中国国际金融股份有限公司","SJD399","中金财富私享95号FOF单一资产管理计划"
"中国国际金融股份有限公司","SJD402","中金财富私享219号FOF单一资产管理计划"
"中国国际金融股份有限公司","SJD403","中金财富私享260号FOF单一资产管理计划"
"中国国际金融股份有限公司","SJD408","中金财富私享269号FOF单一资产管理计划"
"大成基金管理有限公司","SJE111","大成基金汇君单一资产管理计划"
"中国国际金融股份有限公司","SJE200","中金财富私享299号FOF单一资产管理计划"
"中国国际金融股份有限公司","SJE262","中金财富私享220号FOF单一资产管理计划"
"中国国际金融股份有限公司","SJE395","中金财富私享202号FOF单一资产管理计划"
"中国国际金融股份有限公司","SJE397","中金财富私享207号FOF单一资产管理计划"
"中国国际金融股份有限公司","SJE400","中金财富私享208号FOF单一资产管理计划"
"中国国际金融股份有限公司","SJE404","中金财富私享215号FOF单一资产管理计划"
"中国国际金融股份有限公司","SJE405","中金财富私享217号FOF单一资产管理计划"
"中国国际金融股份有限公司","SJE408","中金财富私享287号FOF单一资产管理计划"
"中国国际金融股份有限公司","SJE440","中金财富私享281号FOF单一资产管理计划"
"中国国际金融股份有限公司","SJE497","中金财富私享231号FOF单一资产管理计划"
"中国国际金融股份有限公司","SJE687","中金财富私享282号FOF单一资产管理计划"
"中国国际金融股份有限公司","SJE786","中金财富私享290号FOF单一资产管理计划"
"中国国际金融股份有限公司","SJE921","中金财富私享105号FOF单一资产管理计划"
"中国国际金融股份有限公司","SJE923","中金财富私享221号FOF单一资产管理计划"
"中国国际金融股份有限公司","SJE925","中金财富私享283号FOF单一资产管理计划"
"中国国际金融股份有限公司","SJE926","中金财富私享295号FOF单一资产管理计划"
"上海胤狮投资管理有限公司","SJF299","温氏胤狮多策略2号私募证券投资基金"
"苏州抱朴投资管理有限公司","SJF423","抱朴六号私募证券投资基金"
"上海胤狮投资管理有限公司","SJF442","胤狮核心优势私募证券投资基金"
"中国国际金融股份有限公司","SJF874","中金财富私享56号FOF单一资产管理计划"
"中国国际金融股份有限公司","SJF877","中金财富私享76号FOF单一资产管理计划"
"中国国际金融股份有限公司","SJF878","中金财富私享78号FOF单一资产管理计划"
"中国国际金融股份有限公司","SJF881","中金财富私享109号FOF单一资产管理计划"
"中国国际金融股份有限公司","SJF882","中金财富私享116号FOF单一资产管理计划"
"中国国际金融股份有限公司","SJF888","中金财富私享229号FOF单一资产管理计划"
"中国国际金融股份有限公司","SJF895","中金财富私享262号FOF单一资产管理计划"
"中国国际金融股份有限公司","SJG498","中金财富私享232号FOF单一资产管理计划"
"中国国际金融股份有限公司","SJG499","中金财富私享237号FOF单一资产管理计划"
"中国国际金融股份有限公司","SJG501","中金财富私享266号FOF单一资产管理计划"
"中国国际金融股份有限公司","SJG502","中金财富私享291号FOF单一资产管理计划"
"上海趣时资产管理有限公司","SJG523","趣时乐享三号私募证券投资基金"
"上海少薮派投资管理有限公司","SJH065","少数派128号私募证券投资基金"
"深圳市前海宏泰恒信基金管理有限公司","SJH262","宏泰熙琪2号私募证券投资基金"
"广州海浦投资有限公司","SJH431","海浦量化选股7号私募证券投资基金"
"中国国际金融股份有限公司","SJH755","中金财富私享111号FOF单一资产管理计划"
"中国国际金融股份有限公司","SJH764","中金财富私享236号FOF单一资产管理计划"
"中国国际金融股份有限公司","SJH766","中金财富私享256号FOF单一资产管理计划"
"中国国际金融股份有限公司","SJH767","中金财富私享257号FOF单一资产管理计划"
"中国国际金融股份有限公司","SJH775","中金财富私享286号FOF单一资产管理计划"
"中国国际金融股份有限公司","SJH779","中金财富私享297号FOF单一资产管理计划"
"中国国际金融股份有限公司","SJH780","中金财富私享298号FOF单一资产管理计划"
"中国中金财富证券有限公司","SJH848","中金财富私享696号FOF单一资产管理计划"
"中国中金财富证券有限公司","SJH849","中金财富私享699号FOF单一资产管理计划"
"中国中金财富证券有限公司","SJJ154","中金财富私享502号FOF单一资产管理计划"
"中国中金财富证券有限公司","SJJ155","中金财富私享600号FOF单一资产管理计划"
"中国中金财富证券有限公司","SJJ156","中金财富私享698号FOF单一资产管理计划"
"中国中金财富证券有限公司","SJJ305","中金财富私享658号FOF单一资产管理计划"
"中国国际金融股份有限公司","SJJ463","中金财富私享271号FOF单一资产管理计划"
"中国国际金融股份有限公司","SJJ466","中金财富私享275号FOF单一资产管理计划"
"中国国际金融股份有限公司","SJJ470","中金财富私享802号FOF单一资产管理计划"
"中国国际金融股份有限公司","SJJ471","中金财富私享809号FOF单一资产管理计划"
"中国中金财富证券有限公司","SJJ667","中金财富私享678号FOF单一资产管理计划"
"中国中金财富证券有限公司","SJJ677","中金财富私享608号FOF单一资产管理计划"
"中国中金财富证券有限公司","SJJ681","中金财富私享633号FOF单一资产管理计划"
"中国中金财富证券有限公司","SJJ684","中金财富私享686号FOF单一资产管理计划"
"宁波泽添投资管理合伙企业（有限合伙）","SJJ901","宁波泽添启迪资本二号私募证券投资基金"
"天算量化（北京）资本管理有限公司","SJJ902","天算中益量化对冲1号私募证券投资基金"
"中国中金财富证券有限公司","SJK181","中金财富私享668号FOF单一资产管理计划"
"中国国际金融股份有限公司","SJK286","中金财富私享777号FOF单一资产管理计划"
"中国国际金融股份有限公司","SJK287","中金财富私享800号FOF单一资产管理计划"
"中国国际金融股份有限公司","SJK293","中金财富私享812号FOF单一资产管理计划"
"中国中金财富证券有限公司","SJK354","中金财富私享665号FOF单一资产管理计划"
"中国中金财富证券有限公司","SJK414","中金财富私享606号FOF单一资产管理计划"
"中国中金财富证券有限公司","SJK602","中金财富私享616号FOF单一资产管理计划"
"中国国际金融股份有限公司","SJL071","中金财富私享788号FOF单一资产管理计划"
"中国国际金融股份有限公司","SJL073","中金财富私享808号FOF单一资产管理计划"
"中国国际金融股份有限公司","SJL075","中金财富私享813号FOF单一资产管理计划"
"中国国际金融股份有限公司","SJL076","中金财富私享815号FOF单一资产管理计划"
"中国中金财富证券有限公司","SJL128","中金财富私享677号FOF单一资产管理计划"
"西藏博恩资产管理有限公司","SJL173","博恩光华八期私募证券投资基金"
"中国国际金融股份有限公司","SJL232","中金财富私享222号FOF单一资产管理计划"
"中国中金财富证券有限公司","SJL527","中金财富私享968号FOF单一资产管理计划"
"中国中金财富证券有限公司","SJL528","中金财富私享900号FOF单一资产管理计划"
"中国中金财富证券有限公司","SJL822","中金财富私享669号FOF单一资产管理计划"
"中国中金财富证券有限公司","SJL823","中金财富私享689号FOF单一资产管理计划"
"中国中金财富证券有限公司","SJL825","中金财富私享996号FOF单一资产管理计划"
"北京丰润恒道投资管理有限公司","SJL954","丰润恒道指数增强十六期私募证券投资基金"
"天津子正资产管理有限公司","SJM118","子正荏阳增长私募证券投资基金"
"天算量化（北京）资本管理有限公司","SJM189","天算点金11号私募证券投资基金"
"中国国际金融股份有限公司","SJM191","中金财富私享820号FOF单一资产管理计划"
"中国国际金融股份有限公司","SJM193","中金财富私享862号FOF单一资产管理计划"
"中国国际金融股份有限公司","SJM194","中金财富私享899号FOF单一资产管理计划"
"深圳市凯丰投资管理有限公司","SJM404","凯丰宏观策略16-9号证券投资私募基金"
"中国中金财富证券有限公司","SJM679","中金财富私享911号FOF单一资产管理计划"
"中国中金财富证券有限公司","SJM680","中金财富私享918号FOF单一资产管理计划"
"中国国际金融股份有限公司","SJM801","中金财富私享819号FOF单一资产管理计划"
"中国国际金融股份有限公司","SJM802","中金财富私享821号FOF单一资产管理计划"
"中国国际金融股份有限公司","SJM806","中金财富私享828号FOF单一资产管理计划"
"中国国际金融股份有限公司","SJM807","中金财富私享833号FOF单一资产管理计划"
"中国国际金融股份有限公司","SJM810","中金财富私享863号FOF单一资产管理计划"
"中国国际金融股份有限公司","SJM811","中金财富私享880号FOF单一资产管理计划"
"中国国际金融股份有限公司","SJM812","中金财富私享890号FOF单一资产管理计划"
"中国中金财富证券有限公司","SJM915","中金财富私享508号FOF单一资产管理计划"
"中国中金财富证券有限公司","SJN450","中金财富私享999号FOF单一资产管理计划"
"中国中金财富证券有限公司","SJN451","中金财富私享958号FOF单一资产管理计划"
"中国国际金融股份有限公司","SJN477","中金财富私享716号FOF单一资产管理计划"
"中国国际金融股份有限公司","SJN478","中金财富私享718号FOF单一资产管理计划"
"中国国际金融股份有限公司","SJN481","中金财富私享822号FOF单一资产管理计划"
"中国国际金融股份有限公司","SJN482","中金财富私享823号FOF单一资产管理计划"
"中国国际金融股份有限公司","SJN484","中金财富私享829号FOF单一资产管理计划"
"青骊投资管理（上海）有限公司","SJN545","青骊长余私募证券投资基金"
"杭州钧富投资管理合伙企业（有限合伙）","SJN875","钧富长量1号私募证券投资基金"
"中国中金财富证券有限公司","SJP017","中金财富-南方传媒2号FOF单一资产管理计划"
"中国中金财富证券有限公司","SJP036","中金财富私享599号FOF单一资产管理计划"
"浙江龙航资产管理有限公司","SJP092","龙航5期私募证券投资基金"
"中国中金财富证券有限公司","SJP206","中金财富私享685号FOF单一资产管理计划"
"中国国际金融股份有限公司","SJP283","中金财富私享867号FOF单一资产管理计划"
"中国中金财富证券有限公司","SJP497","中金财富私享919号FOF单一资产管理计划"
"中国中金财富证券有限公司","SJP705","中金财富私享978号FOF单一资产管理计划"
"中国中金财富证券有限公司","SJP707","中金财富私享601号FOF单一资产管理计划"
"上海煜德投资管理中心（有限合伙）","SJP816","煜德投资佳和精选7号私募证券投资基金"
"中国国际金融股份有限公司","SJQ081","中金财富私享733号FOF单一资产管理计划"
"中国国际金融股份有限公司","SJQ086","中金财富私享830号FOF单一资产管理计划"
"中国国际金融股份有限公司","SJQ088","中金财富私享838号FOF单一资产管理计划"
"中国国际金融股份有限公司","SJQ091","中金财富私享896号FOF单一资产管理计划"
"中国国际金融股份有限公司","SJQ092","中金财富私享897号FOF单一资产管理计划"
"中国中金财富证券有限公司","SJQ246","中金财富私享515号FOF单一资产管理计划"
"广州新锐财富资产管理有限公司","SJQ527","新锐精选24FOF私募证券投资基金"
"中国中金财富证券有限公司","SJQ630","中金财富私享588号FOF单一资产管理计划"
"深圳市凯丰投资管理有限公司","SJQ655","凯丰宏观策略16-12号证券投资私募基金"
"中国国际金融股份有限公司","SJQ698","中金财富私享723号FOF单一资产管理计划"
"中国国际金融股份有限公司","SJQ708","中金财富私享882号FOF单一资产管理计划"
"中国国际金融股份有限公司","SJQ800","中金财富私享121号FOF单一资产管理计划"
"中国中金财富证券有限公司","SJR334","中金财富私享986号FOF单一资产管理计划"
"中国中金财富证券有限公司","SJR398","中金财富私享916号FOF单一资产管理计划"
"中国中金财富证券有限公司","SJR491","中金财富私享527号FOF单一资产管理计划"
"上海洹睿资产管理有限公司","SJR525","洹睿姑苏1号私募证券投资基金"
"中国国际金融股份有限公司","SJR713","中金财富私享238号FOF单一资产管理计划"
"中国国际金融股份有限公司","SJR717","中金财富私享857号FOF单一资产管理计划"
"中国中金财富证券有限公司","SJR806","中金财富私享555号FOF单一资产管理计划"
"中国国际金融股份有限公司","SJR826","中金财富私享708号FOF单一资产管理计划"
"中国国际金融股份有限公司","SJR828","中金财富私享719号FOF单一资产管理计划"
"中国国际金融股份有限公司","SJR832","中金财富私享786号FOF单一资产管理计划"
"中国中金财富证券有限公司","SJS011","中金财富私享609号FOF单一资产管理计划"
"上海同犇投资管理中心（有限合伙）","SJS029","同犇15期私募证券投资基金"
"杭州钧富投资管理合伙企业（有限合伙）","SJS092","钧富如风26号私募证券投资基金"
"中国中金财富证券有限公司","SJS101","中金财富私享679号FOF单一资产管理计划"
"中国中金财富证券有限公司","SJS257","中金财富私享970号FOF单一资产管理计划"
"中国中金财富证券有限公司","SJS258","中金财富私享513号FOF单一资产管理计划"
"中国国际金融股份有限公司","SJS271","中金财富私享709号FOF单一资产管理计划"
"中国国际金融股份有限公司","SJS275","中金财富私享761号FOF单一资产管理计划"
"中国国际金融股份有限公司","SJS279","中金财富私享1018号FOF单一资产管理计划"
"中国国际金融股份有限公司","SJS938","中金财富私享853号FOF单一资产管理计划"
"中国国际金融股份有限公司","SJSA36","中金财富私享859号FOF单一资产管理计划"
"中国国际金融股份有限公司","SJSC01","中金财富私享103号FOF单一资产管理计划"
"中国国际金融股份有限公司","SJSC36","中金财富私享872号FOF单一资产管理计划"
"中国国际金融股份有限公司","SJSS38","中金财富私享182号FOF单一资产管理计划"
"上海思勰投资管理有限公司","SJT419","思勰投资长量一号私募证券投资基金"
"中国国际金融股份有限公司","SJT786","中金财富私享779号FOF单一资产管理计划"
"广东坤熙基金管理有限公司","SJT829","坤熙狗头金七号私募证券投资基金"
"中国国际金融股份有限公司","SJU658","中金财富私享180号FOF单一资产管理计划"
"上海新方程股权投资管理有限公司","SJW323","新方程海外积极目标FOF1号私募证券投资基金"
"山东圆融投资管理有限公司","SJW528","圆融投资权方位1号私募证券投资基金"
"中国国际金融股份有限公司","SJW676","中金财富私享760号FOF单一资产管理计划"
"中国国际金融股份有限公司","SJX698","中金财富私享837号FOF单一资产管理计划"
"上海新方程股权投资管理有限公司","SJY257","新方程瀚亚海外投资亚洲信用债债券私募投资基金"
"中国国际金融股份有限公司","SJY868","中金公司中联重科核心经营管理层持股计划单一资产管理计划"
"上海新方程股权投资管理有限公司","SK1216","新方程大类配置基金"
"天津市厚盈投资咨询有限公司","SK2512","厚盈成长2号私募证券投资基金"
"第一创业期货有限责任公司","SK2518","第一创业期货－睿博3号资产管理计划"
"南京道富投资管理有限公司","SK3423","藏宝财富1号私募证券投资基金"
"上海新方程股权投资管理有限公司","SK3513","新方程五年陈金牛1号基金"
"上海景熙资产管理有限公司","SK4275","景熙18号证券投资基金"
"上海新方程股权投资管理有限公司","SK4535","新方程启辰联想之星成长基金"
"上海资乘股权投资基金管理有限公司","SK4538","资乘指北针7期基金"
"深圳市前海汇信得基金管理有限公司","SK5217","汇信得和谐成长1号证券投资基金"
"上海银叶投资有限公司","SK5904","银叶投资宏观配置7号证券投资基金"
"苏州嘉鼎晟资产管理有限公司","SK6085","嘉鼎晟1期私募投资基金"
"深圳大河股权投资基金管理有限公司","SK6094","大河稳盈2号私募基金"
"苏州新锦和投资发展有限公司","SK6106","锦和1号私募投资基金"
"上海保港股权投资基金有限公司","SK6121","保港稳进1号私募投资基金"
"上海新方程股权投资管理有限公司","SK6913","杭州谦一股权投资基金合伙企业（有限合伙）"
"成都汉唐股权投资基金管理合伙企业（有限合伙）","SK7630","汉唐1号私募基金"
"深圳市安诺资产管理有限公司","SK7676","安诺一期证券投资基金"
"广西国得投资管理有限公司","SK7783","国得财富一号私募基金"
"江苏景闰投资股份有限公司","SK7983","景闰锦赢2号私募证券投资基金"
"北京质品投资管理有限公司","SK8014","质品进取1号私募证券投资基金"
"上海朴道瑞富投资管理中心（有限合伙）","SK8080","朴道四期私募基金"
"上海资乘股权投资基金管理有限公司","SK8446","资乘指北针8期基金"
"上海新方程股权投资管理有限公司","SK8449","新方程启辰产业共赢基金"
"武汉雪球资产管理有限公司","SK8467","武汉众邦资产定增1号证券投资基金"
"杭州聚易投资管理有限公司","SK8870","聚易慧富一号证券投资基金"
"湖南拓泽资产管理有限公司","SK8927","拓泽稳赢1号证券投资基金"
"江苏瑚琏投资管理有限公司","SK9401","瑚琏成长1号私募证券投资基金"
"北京合赢兆珺资产管理有限公司","SK9452","合赢证券投资基金－香河1号"
"斯坦（北京）资产管理有限公司","SL0166","斯坦1号私募证券投资基金"
"深圳市华策资产管理有限公司","SL0326","华策1号证券投资基金"
"上海资乘股权投资基金管理有限公司","SL0582","杭州睿持股权投资基金合伙企业（有限合伙）"
"上海千象资产管理有限公司","SL0598","千象全景9号私募证券投资基金"
"上海远桥投资管理中心（有限合伙）","SL1455","远桥近水证券投资基金"
"广东尚伟投资管理有限责任公司","SL1723","尚泰5号私募证券投资基金"
"深圳市翊善资本有限公司","SL1901","翊善致远一号私募基金"
"中国国际金融股份有限公司","SL232","中金财富私享818号FOF单一资产管理计划"
"上海勤懋资产管理有限公司","SL2662","勤远多策略对冲1号基金"
"北京华鼎富盈投资基金管理有限公司","SL2679","华鼎富盈优选价值成长2号私募基金"
"哈尔滨尊合投资管理有限公司","SL3921","尊合稳增一号私募证券投资基金"
"深圳市朗润通资本管理有限公司","SL4353","朗润通聚宝盆6号定增基金"
"西藏神州牧基金管理有限公司","SL4375","鸿运神州牧11号证券投资私募基金"
"上海方圆达创投资合伙企业（有限合伙）","SL4666","方圆重明私募证券投资基金"
"深圳银证基金管理有限公司","SL5240","银证1号私募证券投资基金"
"苏州富优哲资产管理有限公司","SL5255","富优哲犇鑫系列1号证券投资基金"
"津博（上海）资产管理有限公司","SL5614","财智领先一号"
"大连飓风投资管理有限公司","SL5793","飓风1号私募证券投资基金"
"广东华为达基金管理有限公司","SL5830","华为达定增2号私募投资基金"
"易方达基金管理有限公司","SL6276","易方达浦赢量化多策略1号资产管理计划"
"安志（北京）资产管理有限公司","SL7362","安志安联FoF2号私募证券投资基金"
"中汇润生（北京）投资基金管理有限公司","SL7611","中汇润生成长一期私募证券投资基金"
"上海双隆投资有限公司","SL7701","双隆-阳光稳健2号私募证券投资基金"
"杭州洵源投资管理有限公司","SL8097","洵源搏击2号证券投资基金"
"深圳前海帝国资产管理有限公司","SL8983","帝国理工校友中国成长3号私募证券投资基金"
"宁波金戈量锐资产管理有限公司","SL9390","量锐8号私募基金"
"广东华骏基金管理有限公司","SL9428","华骏3号-华骏天泰私募证券投资基金"
"华泰期货有限公司","SL9832","华泰期货8期资产管理计划"
"上海方圆达创投资合伙企业（有限合伙）","SL9998","方圆财富2号私募证券投资基金"
"上海资乘股权投资基金管理有限公司","SM0233","宁波梅山保税港区睿嘉投资管理合伙企业（有限合伙）"
"上海凯石益正资产管理有限公司","SM0247","上海凯襄投资合伙企业（有限合伙）"
"南京长澳投资管理有限公司","SM0464","长澳安享盈1号证券投资基金"
"上海新方程股权投资管理有限公司","SM0511","宁波梅山保税港区睿薪投资管理合伙企业（有限合伙）"
"上海金辇投资管理有限公司","SM0932","金辇圆盛积极成长证券投资基金"
"江苏银壹捌投资管理有限公司","SM1794","银壹捌熙元蜜蜂1号策略私募投资基金"
"深圳市同利德资产管理有限公司","SM1800","同德赢一号私募证券投资基金"
"东方点石投资管理有限公司","SM1803","东方点石定增精选3号私募基金"
"上海资乘股权投资基金管理有限公司","SM2807","宁波梅山保税港区睿君投资管理合伙企业（有限合伙）"
"上海倍霖山投资管理有限公司","SM3373","倍霖山新蓝筹一号私募证券投资基金"
"北京财富自由投资管理有限公司","SM3409","财富自由投资龟兔赛跑1号私募证券投资基金"
"上海万琰辰投资管理中心(有限合伙)","SM3466","万乘私募基金"
"深圳市朗润通资本管理有限公司","SM3878","朗润通聚宝盆7号定增基金"
"深圳市汇博资本管理有限公司","SM3907","汇博海洋动力一号私募证券投资基金"
"上海呈瑞投资管理有限公司","SM4172","呈瑞念空上善私募基金"
"广东凡德投资有限公司","SM4258","凡德灵活对冲私募证券投资基金"
"深圳前海江洋资本管理有限公司","SM4423","江洋二号证券投资私募基金"
"亿鑫投资管理扬州有限公司","SM4503","亿鑫5期私募证券投资基金"
"上海方圆达创投资合伙企业（有限合伙）","SM4526","方圆互强1号私募证券投资基金"
"北京正格资本管理有限公司","SM5119","正格价值1号私募投资基金"
"上海玖鹏资产管理中心（有限合伙）","SM5577","玖鹏价值精选1号私募基金"
"深圳前海江洋资本管理有限公司","SM6025","江洋三号证券投资私募基金"
"广发基金管理有限公司","SM6232","广发基金浦赢多策略橄榄树30号资产管理计划"
"上海呈瑞投资管理有限公司","SM6868","烜鼎智鑫四号私募基金"
"上海新方程股权投资管理有限公司","SM6975","新方程启辰同创伟业智能时代基金"
"上海善智股权投资基金管理有限公司","SM7790","善智斯巴达六号投资私募基金"
"东海期货有限责任公司","SM8322","东海龙智2号资产管理计划"
"上海资乘股权投资基金管理有限公司","SM8371","资乘指北针9期基金"
"上海凯纳璞淳资产管理有限公司","SM8583","凯纳量化价值3号基金"
"上海新方程股权投资管理有限公司","SM9135","新方程启辰顺丰专项基金"
"深圳市晟泰投资管理有限公司","SM9336","晟泰3号私募证券投资基金"
"上海鼎锋资产管理有限公司","SM9451","鼎锋成长精选5期私募证券投资基金"
"上海方圆达创投资合伙企业（有限合伙）","SM9602","方圆财富3号私募证券投资基金"
"上海方圆达创投资合伙企业（有限合伙）","SM9604","方圆财富4号私募证券投资基金"
"上海方圆达创投资合伙企业（有限合伙）","SM9611","方圆财富5号私募证券投资基金"
"上海方圆达创投资合伙企业（有限合伙）","SM9615","方圆财富6号私募证券投资基金"
"上海方圆达创投资合伙企业（有限合伙）","SM9616","方圆财富7号私募证券投资基金"
"上海方圆达创投资合伙企业（有限合伙）","SM9869","方圆成长1号私募证券投资基金"
"上海方圆达创投资合伙企业（有限合伙）","SM9870","方圆成长2号私募证券投资基金"
"上海方圆达创投资合伙企业（有限合伙）","SM9871","方圆成长3号私募证券投资基金"
"上海方圆达创投资合伙企业（有限合伙）","SM9873","方圆成长4号私募证券投资基金"
"上海方圆达创投资合伙企业（有限合伙）","SM9874","方圆成长5号私募证券投资基金"
"上海新方程股权投资管理有限公司","SN0274","新方程致远亚朵酒店私募基金"
"上海习元资产管理有限公司","SN0523","习元星合稳健增长1号私募证券投资基金"
"广西桥河投资管理有限公司","SN0528","桥河稳健价值1期私募证券投资基金"
"北京华鼎富盈投资基金管理有限公司","SN0755","华鼎富盈优选价值成长3号私募基金"
"互联智道投资管理（深圳）有限公司","SN1018","智道金牛座FOF量化多策略1号私募证券投资基金"
"北京雅才资本管理有限公司","SN1034","雅才1号私募证券投资基金"
"上海大璨投资管理有限公司","SN1385","大璨磐石1号"
"广东小禹投资管理有限公司","SN1487","小禹投资聚宝盆私募投资基金"
"中融银创投资基金管理（北京）有限公司","SN1641","中融银创-银创定增1号私募证券投资基金"
"广西信安联股权投资基金管理有限公司","SN1647","信安联稳定成长1号私募证券投资基金"
"上海睿信投资管理有限公司","SN1726","睿信白泽2号私募证券投资基金"
"上海睿信投资管理有限公司","SN1729","睿信白泽3号私募证券投资基金"
"上海资乘股权投资基金管理有限公司","SN1779","宁波梅山保税港区睿柏投资管理合伙企业（有限合伙）"
"杭州金雕资产管理有限公司","SN2183","润道1号私募证券投资基金"
"上海凯纳璞淳资产管理有限公司","SN2185","凯纳价值5号私募证券投资基金"
"上海睿信投资管理有限公司","SN4556","睿信烛照1号私募证券投资基金"
"上海凯纳璞淳资产管理有限公司","SN4573","凯纳价值7号私募证券投资基金"
"上海汇势通投资管理有限公司","SN4738","汇势通枫时2期私募基金"
"西藏宾悦成长投资管理有限公司","SN4991","宾悦成长5号私募基金"
"青岛和金瑞盈私募基金管理有限公司","SN7453","和金佳泽证券投资私募基金"
"北京企额宝资产管理有限公司","SN8256","企额宝稳盈2号私募证券投资基金"
"网信证券有限责任公司","SP3356","网信证券信富14号定向资产管理计划"
"网信证券有限责任公司","SP3357","网信证券信富13号定向资产管理计划"
"网信证券有限责任公司","SP4827","网信证券信富20号定向资产管理计划"
"上海新方程股权投资管理有限公司","SR0429","新方程启辰和聚百川二期私募基金"
"上海资乘股权投资基金管理有限公司","SR0431","资乘指北针11期私募基金"
"上海新方程股权投资管理有限公司","SR0432","宁波梅山保税港区睿珠投资管理合伙企业（有限合伙）"
"铁树资本管理有限公司","SR0947","铁树资本FOF稳健一号私募基金"
"铁树资本管理有限公司","SR1102","铁树资本对冲1号私募基金"
"铁树资本管理有限公司","SR1108","铁树资本量化1号私募基金"
"北京宏儒和愉投资管理有限公司","SR1823","宁波梅山保税港区聚琛股权投资中心（有限合伙）"
"上海泓信投资管理有限公司","SR3324","泓信泓筹十七号指数增强型私募基金"
"马里奥（海南）投资管理有限公司","SR3504","诺曼底私募投资基金"
"浙江环恒资产管理有限公司","SR4423","环恒1号私募证券投资基金"
"深圳市博益安盈资产管理有限公司","SR5141","博益安盈精英12号私募证券投资基金"
"上海资乘股权投资基金管理有限公司","SR5777","宁波梅山保税港区睿特投资管理合伙企业（有限合伙）"
"上海资乘股权投资基金管理有限公司","SR5788","宁波梅山保税港区睿京投资管理合伙企业（有限合伙）"
"北京吉象投资管理有限公司","SR5808","吉象投资吉象如意1号私募证券投资基金"
"上海匹克辛亚投资管理有限公司","SR5955","匹克辛亚量化对冲8号私募证券投资基金"
"浙江引石资产管理有限公司","SR6418","引石私募证券投资基金1789号"
"上海雷根资产管理有限公司","SR6482","雷根12号私募基金"
"亿群投资控股有限公司","SR6840","亿群大富翁6号私募证券投资基金"
"上海资乘股权投资基金管理有限公司","SR7095","宁波梅山保税港区睿元投资管理合伙企业（有限合伙）"
"深圳市恒盈富达资产管理有限公司","SR7646","恒盈创富私募基金"
"山东兴利德创业投资有限公司","SR7703","兴德开阳2号私募证券投资基金"
"上海资乘股权投资基金管理有限公司","SR8408","资乘新能源汽车私募基金"
"深圳市徽嘉泽资本管理有限公司","SS0810","徽丰2号私募证券投资基金"
"广和投资有限公司","SS1674","广和惠盈定增2号私募投资基金"
"北京亿润创业投资有限公司","SS2017","北京亿润创丰投资中心（有限合伙）"
"蝶彩资产管理（上海）股份有限公司","SS2584","积极股东4号私募投资基金"
"上海资乘股权投资基金管理有限公司","SS2793","资乘致远电商物流服务私募基金"
"上海新方程股权投资管理有限公司","SS3586","宁波梅山保税港区睿周投资管理合伙企业（有限合伙）"
"上海资乘股权投资基金管理有限公司","SS3587","宁波梅山保税港区睿沐投资管理合伙企业（有限合伙）"
"广东潮金投资基金管理有限公司","SS3635","潮金统达1号私募证券投资基金"
"天津民晟资产管理有限公司","SS4074","民晟红鹭3号私募证券投资基金"
"盈融达投资（北京）有限公司","SS4264","盈融达投资长红三期私募证券投资基金"
"苏州富优哲资产管理有限公司","SS4299","富优哲红鑫2号阳光私募证券投资基金"
"上海资乘股权投资基金管理有限公司","SS4322","宁波梅山保税港区睿禾投资管理合伙企业（有限合伙）"
"海通期货股份有限公司","SS5021","海通期货云成共赢一号资产管理计划"
"深圳私享股权投资基金管理有限公司","SS7637","中兴1号管理型私募基金"
"北京小强趋势投资管理有限公司","SS7794","小强中国梦二号私募证券投资基金"
"广州红孩尔资产管理有限公司","SS8232","红孩尔凯旋1号私募证券投资基金"
"上海资乘股权投资基金管理有限公司","SS8659","资乘致远电商物流服务私募基金二期"
"浙商期货有限公司","SS9056","浙商期货明月升一号资产管理计划"
"深圳市九晟基金管理有限公司","SS9571","丰享FOF私募投资基金3号"
"中国国际金融股份有限公司","SSS600","中金财富私享858号FOF单一资产管理计划"
"中国国际金融股份有限公司","SSS601","中金财富私享805号FOF单一资产管理计划"
"中国国际金融股份有限公司","SSS603","中金财富私享806号FOF单一资产管理计划"
"中国国际金融股份有限公司","SSS606","中金财富私享778号FOF单一资产管理计划"
"中国国际金融股份有限公司","SSS607","中金财富私享227号FOF单一资产管理计划"
"中国国际金融股份有限公司","SSS608","中金财富私享120号FOF单一资产管理计划"
"中国国际金融股份有限公司","SSS612","中金财富私享827号FOF单一资产管理计划"
"中国国际金融股份有限公司","SSS614","中金财富私享855号FOF单一资产管理计划"
"中国国际金融股份有限公司","SSS615","中金财富私享798号FOF单一资产管理计划"
"中国国际金融股份有限公司","SSS618","中金财富私享865号FOF单一资产管理计划"
"中国国际金融股份有限公司","SSS621","中金财富私享869号FOF单一资产管理计划"
"中国国际金融股份有限公司","SSS624","中金财富私享717号FOF单一资产管理计划"
"中国国际金融股份有限公司","SSS625","中金财富私享835号FOF单一资产管理计划"
"中国国际金融股份有限公司","SSS627","中金财富私享226号FOF单一资产管理计划"
"中国国际金融股份有限公司","SSS629","中金财富私享787号FOF单一资产管理计划"
"中国国际金融股份有限公司","SSS630","中金财富私享831号FOF单一资产管理计划"
"中国国际金融股份有限公司","SSS631","中金财富私享706号FOF单一资产管理计划"
"中国国际金融股份有限公司","SSS634","中金财富私享789号FOF单一资产管理计划"
"盛山资产管理（上海）有限公司","SSYYHH","上海盛山渝英创业投资中心（有限合伙）"
"东莞市榕果投资管理有限公司","ST0346","榕树四期格十八私募证券投资基金"
"广东领新投资有限公司","ST0694","领新悦翔私募证券投资基金"
"浙江新世纪期货有限公司","ST1514","新世纪-海燕7号资产管理计划"
"北京中昆金信投资管理有限公司","ST2016","金信私募证券投资基金"
"深圳市前海派资产管理有限公司","ST2390","阜信1号私募证券投资基金"
"宁波恒添财富投资管理有限公司","ST2483","恒添乘风破浪一号私募证券投资基金"
"福建鸿腾资产管理有限公司","ST3909","鸿腾天成私募证券投资基金"
"广东浦健投资有限公司","ST4626","浦健投资价值一号私募证券投资基金"
"北京龙和投资管理有限公司","ST4782","龙和一号私募证券投资基金"
"广东万燕资产管理有限公司","ST7272","万燕影视一号私募投资基金"
"上海资乘股权投资基金管理有限公司","ST8571","宁波梅山保税港区鸿纵投资管理合伙企业（有限合伙）"
"上海资乘股权投资基金管理有限公司","ST8573","宁波梅山保税港区鸿忽投资管理合伙企业（有限合伙）"
"国道资产管理（上海）有限公司","ST9346","国道华1号私募证券基金"
"上海海通证券资产管理有限公司","SV9798","海通滴石2号集合资产管理计划"
"亿鑫投资管理扬州有限公司","SW1337","亿鑫12期私募证券投资基金"
"上海资乘股权投资基金管理有限公司","SW1834","资乘致远电商物流服务私募基金三期"
"上海资乘股权投资基金管理有限公司","SW1836","资乘致远电商物流服务私募基金四期"
"北京鼎尚金投资管理有限公司","SW2019","壹泽天御三号私募投资基金"
"上海量旗投资管理有限公司","SW3286","量旗阿尔法联盟一号二期私募证券投资基金"
"创元期货股份有限公司","SW3735","创元长流2号资产管理计划"
"上海元亨王道资产管理有限公司","SW4583","元鑫旺天天赢现金管理二号"
"上海元亨王道资产管理有限公司","SW4590","元鑫富FOF安心增强三号私募投资基金"
"深圳市世纪盛元资产管理有限公司","SW6854","冰河世纪9号私募证券投资基金"
"敦和资产管理有限公司","SW6881","敦和富春价差驱动私募基金"
"西藏博恩资产管理有限公司","SW7028","博恩11号私募证券投资基金"
"宁波旭弘投资管理合伙企业（有限合伙）","SW8610","旭弘海丝一号私募证券投资基金"
"上海元亨王道资产管理有限公司","SW8823","元鑫富CPPI策略一号"
"上海富善投资有限公司","SX0680","富善投资-汇远9号私募证券投资基金"
"银河期货有限公司","SX0816","银河增利资产管理计划资产管理合同"
"深圳华骕基金管理有限公司","SX2599","华骕财富管理五号私募证券投资基金"
"深圳第二基金管理有限公司","SX2614","第二基金中证500指数增强私募证券投资基金"
"上海鸣石投资管理有限公司","SX2672","鸣石春天指数增强18号私募证券投资基金"
"福建天朗资产管理有限公司","SX3013","天朗稳鑫一号私募证券投资基金"
"北京鼎尚金投资管理有限公司","SX3360","壹泽天御五号私募投资基金"
"广东温氏投资有限公司","SX3578","新兴温氏壹号股权投资合伙企业（有限合伙）"
"上海榜样投资管理有限公司","SX4164","榜样精彩私募证券投资基金"
"上海广怀投资管理有限公司","SX6350","高鸣家族灵活一号私募投资基金"
"建信期货有限责任公司","SX6530","建信期货-双辉8号二期资产管理计划"
"杭州金维投资管理有限公司","SX6971","金维富宝1号私募证券投资基金"
"上海鸣石投资管理有限公司","SX9904","鸣石春天指数增强二十六号私募证券投资基金"
"山西证券股份有限公司","SXDX01","山西证券-国泰君安定向1号资产管理计划"
"深圳第二基金管理有限公司","SY3297","第二基金中证500指数增强1号私募证券投资基金"
"上海满风资产管理有限公司","SY5707","满风价值增长精选私募证券投资基金"
"上海叱云投资管理中心（有限合伙）","SY7134","诺一号私募证券投资基金"
"上海泓信投资管理有限公司","SY7658","泓信泓时三十号私募证券投资基金"
"洪泰万亨资产管理（深圳）有限公司","SY8469","洪泰万亨6号私募证券投资基金"
"宏源期货有限公司","SY9035","宏远9号资产管理计划"
"国泰元鑫资产管理有限公司","SZ0001","国泰元鑫北大科实专项资产管理计划"
"上海海通证券资产管理有限公司","SZ3833","海通年年旺100号集合资产管理计划"
"华泰期货有限公司","T00007","华泰期货量化招盈2号资产管理计划"
"华泰期货有限公司","T00008","华泰期货量化招盈母基金资产管理计划"
"长安财富资产管理有限公司","T00010","长安资产华安2号专项资产管理计划"
"第一创业证券股份有限公司","T00012","第一创业证券瀚华聚裕1号定向资产管理计划"
"中信信诚资产管理有限公司","T00014","中信信诚-江苏汇金股权投资3号专项资产管理计划"
"中信信诚资产管理有限公司","T00015","中信信诚-江苏汇金股权投资2号专项资产管理计划"
"中信信诚资产管理有限公司","T00016","中信信诚-江苏汇金股权投资1号专项资产管理计划"
"华泰期货有限公司","T00031","华泰期货量化招盈3号资产管理计划"
"长信基金管理有限责任公司","T00033","长信-财通财汇1号资产管理计划"
"中泰证券（上海）资产管理有限公司","T00050","齐鲁资管星辰汇聚1号定向资产管理计划"
"华泰期货有限公司","T00060","华泰期货-江苏量化招盈2号资产管理计划"
"华泰期货有限公司","T00061","华泰期货-银华量化绝对收益资产管理计划"
"华泰期货有限公司","T00062","华泰期货-银华量化指数增强资产管理计划"
"第一创业证券股份有限公司","T00065","银华量化债券定向资产管理计划"
"中铁宝盈资产管理有限公司","T00073","中铁宝盈理石步步高16号特定资产管理计划"
"博时资本管理有限公司","T00087","博时资本-豫信1号专项资产管理计划"
"博时资本管理有限公司","T00096","博时资本-铂睿63号专项资产管理计划"
"华泰期货有限公司","T00104","华泰期货宽鼎混合套利A期资产管理计划"
"华泰期货有限公司","T00120","华泰期货CTA精选1号资产管理计划"
"南华期货股份有限公司","T00121","南华期货-金太平稳泰1号量化资产管理计划"
"华泰期货有限公司","T00124","华泰期货宽鼎混合套利B期资产管理计划"
"第一创业证券股份有限公司","T00129","一创起航1号集合资产管理计划"
"富安达资产管理（上海）有限公司","T00140","富安达京江资本1号专项资产管理计划"
"广州市好投投资管理有限公司","T00150","广州市山加天投资合伙企业（有限合伙）"
"华宝证券有限责任公司","T00151","华宝证券华鸿分级基金优选一号集合资产管理计划"
"第一创业证券股份有限公司","T00157","一创起航2号集合资产管理计划"
"银河资本资产管理有限公司","T00162","银河资本-阿尔法机器人股权投资资产管理计划"
"东海证券股份有限公司","T00174","平安银行-东海证券18号定向资产管理计划"
"国泰君安创新投资有限公司","T00185","上海国君创投隆观投资管理中心（有限合伙）"
"九州证券股份有限公司","T00197","银九一号定向资产管理计划"
"华宝证券有限责任公司","T00213","华宝证券华丰2号集合资产管理计划"
"华宝证券有限责任公司","T00273","华宝证券汇鸿汇升融享一号集合资产管理计划"
"深圳市圆石投资管理有限公司","T00290","圆石2号证券投资基金"
"九州证券股份有限公司","T00298","九州证券平安信泽定向资产管理计划"
"国信期货有限责任公司","T00299","宇速量化FOHF-盛世资产管理计划"
"东吴期货有限公司","T00312","东吴期货鑫利1号结构化集合资产管理计划"
"南方资本管理有限公司","T00356","广发量化1号资产管理计划"
"国信期货有限责任公司","T00373","宇速量化FOHF-1号资产管理计划"
"国信期货有限责任公司","T00374","宇速量化FOHF-2号资产管理计划"
"瑞元资本管理有限公司","T00427","瑞元资本华发长茂投资专项资产管理计划"
"东海期货有限责任公司","T00429","东海龙智1号资产管理计划"
"九州证券股份有限公司","T00430","九州国开泰富股票宝16号定向资产管理计划"
"网信证券有限责任公司","T00457","网信证券信富12号定向资产管理计划"
"东海期货有限责任公司","T00458","东海龙智6号资产管理计划"
"东海期货有限责任公司","T00459","东海龙智7号资产管理计划"
"东海期货有限责任公司","T00465","东海龙智9号资产管理计划"
"网信证券有限责任公司","T00466","网信证券信富24号定向资产管理计划"
"九州证券股份有限公司","T00469","九州证券启航48号定向资产管理计划"
"兴业财富资产管理有限公司","T00473","兴业财富-兴享进取FOF2号专项资产管理计划"
"南方基金管理有限公司","T00478","南方基金-中冀1号资产管理计划"
"网信证券有限责任公司","T00482","网信证券信富27号定向资产管理计划"
"网信证券有限责任公司","T00490","网信证券信富29号定向资产管理计划"
"网信证券有限责任公司","T00491","网信证券信富30号定向资产管理计划"
"华宝证券有限责任公司","T00498","华宝证券华宝锐天集合资产管理计划"
"网信证券有限责任公司","T00512","网信证券信富38号定向资产管理计划"
"汇安基金管理有限责任公司","T00524","汇安基金-毅达资本定增1号资产管理计划"
"华宝证券有限责任公司","T00526","华宝证券华芮中证800指数增强一号集合资产管理计划"
"九州证券股份有限公司","T00528","九州证券企额宝稳盈定向资产管理计划"
"汇安基金管理有限责任公司","T00529","汇安基金-中安鼎汇定增1号资产管理计划"
"九州证券股份有限公司","T00545","九州证券启航51号定向资产管理计划"
"网信证券有限责任公司","T00547","网信证券泽鑫05号定向资产管理计划"
"中泰证券（上海）资产管理有限公司","T00548","中泰星辰对冲1号集合资产管理计划"
"华泰期货有限公司","T00549","华泰期货复合多策略1号资产管理计划"
"汇安基金管理有限责任公司","T00556","汇安基金-兴融1号资产管理计划"
"华泰期货有限公司","T00590","华泰期货国贸一号结构化资产管理计划"
"中国国际金融股份有限公司","T00770","中金财富宽立CTA策略集合资产管理计划"
"华宝证券有限责任公司","T00830","华宝证券磐屹1号定向资产管理计划"
"山西证券股份有限公司","T00935","山西证券量化精选4号集合资产管理计划"
"华泰期货有限公司","T01072","华泰期货复合多策略期货1号资产管理计划"
"财通证券资产管理有限公司","T01710","财通证券资管中证报价4号定向资产管理计划"
"九州证券股份有限公司","T01834","九州证券盎然一号定向资产管理计划"
"华宝证券有限责任公司","T01866","华宝证券华盛9号定向资产管理计划"
"建信期货有限责任公司","T02031","建信期货-群星璀璨1期博普1号资产管理计划"
"国元证券股份有限公司","T02037","国元元福1号量化对冲FOF集合资产管理计划"
"中国国际金融股份有限公司","T02169","中金财富-安泰1期资产管理计划"
"华宝证券有限责任公司","T02192","华宝证券磐屹2号定向资产管理计划"
"网信证券有限责任公司","T02272","网信证券泽鑫08号定向资产管理计划"
"国信期货有限责任公司","T02273","宇速量化FOHF-3号资产管理计划"
"华泰期货有限公司","T02636","华泰期货波澜六号资产管理计划"
"华宝证券有限责任公司","T02733","华宝证券华量双盈3号集合资产管理计划"
"瑞元资本管理有限公司","T02784","广发瑞元广添福273天1号专项资产管理计划"
"山西证券股份有限公司","T02897","山西证券昌昇1号集合资产管理计划"
"易方达资产管理有限公司","T03154","易方达资产苏慧1号专项资产管理计划"
"中信盈时资产管理有限公司","T03194","中信盈时元福多策略资产管理计划"
"中国国际金融股份有限公司","T03357","中金财富安颐1期定向资产管理计划"
"网信证券有限责任公司","T03417","网信证券泽鑫10号定向资产管理计划"
"网信证券有限责任公司","T03418","网信证券泽鑫11号定向资产管理计划"
"网信证券有限责任公司","T03419","网信证券泽鑫12号定向资产管理计划"
"华西证券股份有限公司","T03420","广西北部湾银行-华西证券汇智29号定向资产管理计划"
"国开证券股份有限公司","T03522","国开证券安泰53号青岛地铁定向资产管理计划"
"平安证券股份有限公司","T03938","平安证券溢信1号定向资产管理计划"
"汇安基金管理有限责任公司","T04082","汇安基金-弘博量化1号资产管理计划"
"华宝证券有限责任公司","T04298","华宝证券安心管家定向资产管理计划"
"山西证券股份有限公司","T05180","山西证券量化精选5号集合资产管理计划"
"华泰期货有限公司","T06104","华泰期货-量化稳健回报资产管理计划"
"开源证券股份有限公司","T06127","开源证券惠远20号定向资产管理计划"
"中国国际金融股份有限公司","T06145","中金财富安颐2期定向资产管理计划"
"开源证券股份有限公司","T06167","开源证券惠远21号定向资产管理计划"
"网信证券有限责任公司","T06282","网信证券泽鑫15号定向资产管理计划"
"网信证券有限责任公司","T06377","网信证券泽鑫17号定向资产管理计划"
"网信证券有限责任公司","T06378","网信证券泽鑫18号定向资产管理计划"
"开源证券股份有限公司","T06393","开源证券惠远23号定向资产管理计划"
"开源证券股份有限公司","T06394","开源证券惠远24号定向资产管理计划"
"开源证券股份有限公司","T06395","开源证券惠远25号定向资产管理计划"
"华宝证券有限责任公司","T06426","华宝证券华盛15号定向资产管理计划"
"华润元大基金管理有限公司","T06503","华润元大基金润泓鼎盛1号资产管理计划"
"网信证券有限责任公司","T06691","网信证券泽鑫19号定向资产管理计划"
"网信证券有限责任公司","T06716","网信证券泽鑫20号定向资产管理计划"
"网信证券有限责任公司","T06717","网信证券泽鑫21号定向资产管理计划"
"网信证券有限责任公司","T06718","网信证券泽鑫22号定向资产管理计划"
"华宝证券有限责任公司","T06939","华宝证券华量双盈6号集合资产管理计划"
"金信期货有限公司","T07100","金信期货梧桐树三期资产管理计划"
"华宝证券有限责任公司","T07119","华宝证券华鸿量化二号集合资产管理计划"
"中国国际金融股份有限公司","T07154","中金财富鑫安1期定向资产管理计划"
"深圳市红塔资产管理有限公司","T07187","红塔资产汇通8号资产管理计划"
"华宝证券有限责任公司","T07279","华宝证券华芮量化致远一号集合资产管理计划"
"中国国际金融股份有限公司","T07317","中金财富安颐15期定向资产管理计划"
"中泰证券（上海）资产管理有限公司","T07410","齐鲁星辰对冲2号集合资产管理计划"
"中国国际金融股份有限公司","T07595","中金财富安颐20期定向资产管理计划"
"网信证券有限责任公司","T07609","网信证券盛世5号定向资产管理计划"
"网信证券有限责任公司","T07627","网信证券泽鑫33号定向资产管理计划"
"网信证券有限责任公司","T07628","网信证券泽鑫34号定向资产管理计划"
"中国国际金融股份有限公司","T07639","中金财富安颐16期定向资产管理计划"
"国投安信期货有限公司","T07766","丰岭稳健成长10期资产管理计划"
"中国国际金融股份有限公司","T07779","中金财富安颐24期定向资产管理计划"
"中国国际金融股份有限公司","T07837","中金财富安颐19期定向资产管理计划"
"网信证券有限责任公司","T07891","网信证券泽鑫35号定向资产管理计划"
"网信证券有限责任公司","T07893","网信证券泽鑫36号定向资产管理计划"
"山西证券股份有限公司","T07897","山西证券昌泽FOF3号集合资产管理计划"
"中国国际金融股份有限公司","T08041","中金财富安颐28期定向资产管理计划"
"中国国际金融股份有限公司","T08094","中金财富安颐29期定向资产管理计划"
"兴证证券资产管理有限公司","T08107","星辰之兴证资管-浦发银行1号集合资产管理计划"
"中国国际金融股份有限公司","T08213","中金财富安颐32期定向资产管理计划"
"中国国际金融股份有限公司","T08225","中金财富安颐33期定向资产管理计划"
"中国国际金融股份有限公司","T08233","中金财富安颐41期定向资产管理计划"
"中国国际金融股份有限公司","T08235","中金财富安颐43期定向资产管理计划"
"中国国际金融股份有限公司","T08237","中金财富安颐49期定向资产管理计划"
"中国国际金融股份有限公司","T08238","中金财富安颐50期定向资产管理计划"
"中国国际金融股份有限公司","T08240","中金财富安颐52期定向资产管理计划"
"中国国际金融股份有限公司","T08241","中金财富安颐53期定向资产管理计划"
"中国国际金融股份有限公司","T08242","中金财富安颐54期定向资产管理计划"
"中国国际金融股份有限公司","T08243","中金财富安颐55期定向资产管理计划"
"中国国际金融股份有限公司","T08518","中金财富安颐45期定向资产管理计划"
"中国国际金融股份有限公司","T09599","中金财富安颐26期定向资产管理计划"
"中国国际金融股份有限公司","T09600","中金财富安颐30期定向资产管理计划"
"中国国际金融股份有限公司","T10363","中金财富安颐57期定向资产管理计划"
"中国国际金融股份有限公司","T10368","中金财富安颐61期定向资产管理计划"
"中国国际金融股份有限公司","T10374","中金财富安颐67期定向资产管理计划"
"中国国际金融股份有限公司","T10376","中金财富安颐69期定向资产管理计划"
"中国国际金融股份有限公司","T10377","中金财富安颐70期定向资产管理计划"
"中国国际金融股份有限公司","T10386","中金财富安颐75期定向资产管理计划"
"中国国际金融股份有限公司","T10387","中金财富安颐76期定向资产管理计划"
"开源证券股份有限公司","T10718","开源证券惠远34号定向资产管理计划"
"网信证券有限责任公司","T11018","网信证券泽鑫39号定向资产管理计划"
"网信证券有限责任公司","T11019","网信证券泽鑫40号定向资产管理计划"
"网信证券有限责任公司","T11020","网信证券泽鑫41号定向资产管理计划"
"网信证券有限责任公司","T11021","网信证券泽鑫42号定向资产管理计划"
"深圳市红塔资产管理有限公司","T11078","红塔资产汇通9号资产管理计划"
"中国国际金融股份有限公司","T12283","中金财富安颐80期定向资产管理计划"
"中国国际金融股份有限公司","T12284","中金财富安颐81期定向资产管理计划"
"中国国际金融股份有限公司","T12285","中金财富安颐82期定向资产管理计划"
"中国国际金融股份有限公司","T12287","中金财富安颐84期定向资产管理计划"
"网信证券有限责任公司","T13779","网信证券泽鑫46号定向资产管理计划"
"中国国际金融股份有限公司","T14745","中金财富安颐89期定向资产管理计划"
"中国国际金融股份有限公司","T14746","中金财富安颐90期定向资产管理计划"
"中国国际金融股份有限公司","T14747","中金财富安颐91期定向资产管理计划"
"中国国际金融股份有限公司","T14748","中金财富安颐92期定向资产管理计划"
"中国国际金融股份有限公司","T14752","中金财富安颐95期定向资产管理计划"
"中国国际金融股份有限公司","T14994","中金财富安颐7期定向资产管理计划"
"网信证券有限责任公司","T15182","网信证券泽鑫47号定向资产管理计划"
"网信证券有限责任公司","T15183","网信证券泽鑫49号定向资产管理计划"
"金元证券股份有限公司","T15220","金元证券汇通3号定向资产管理计划"
"兴证期货有限公司","T15236","兴享-博弘进取FOF一号资产管理计划"
"国融证券股份有限公司","T15321","国融证券时代1号定向资产管理计划"
"网信证券有限责任公司","T15454","网信证券盛世11号定向资产管理计划"
"兴证期货有限公司","T15530","兴享-正则FOF资产管理计划"
"网信证券有限责任公司","T15567","网信证券泽鑫50号定向资产管理计划"
"兴证期货有限公司","T15614","兴享-博弘稳健FOF一号资产管理计划"
"华宝证券有限责任公司","T16295","华宝证券华衍2号集合资产管理计划"
"山西证券股份有限公司","T16341","山西证券乾裕1号集合资产管理计划"
"山西证券股份有限公司","T16598","山西证券精选8号集合资产管理计划"
"华泰期货有限公司","T16657","华泰期货神马一号资产管理计划"
"山西证券股份有限公司","T16773","山西证券乾裕2号集合资产管理计划"
"国投安信期货有限公司","T17039","国投安信-谢诺辰阳乾丰31号资产管理计划"
"山西证券股份有限公司","T17071","山西证券乾裕3号集合资产管理计划"
"金元证券股份有限公司","T17118","金元民泰1号定向资产管理计划"
"金元证券股份有限公司","T17153","金元天府1号定向资产管理计划"
"华泰期货有限公司","T17228","华泰期货FOF1号资产管理计划"
"山西证券股份有限公司","T17292","山西证券乾裕5号集合资产管理计划"
"网信证券有限责任公司","T17306","网信证券泽鑫58号定向资产管理计划"
"金元证券股份有限公司","T17582","金元聚信1号定向资产管理计划"
"金元证券股份有限公司","T17583","金元聚兴1号定向资产管理计划"
"金元证券股份有限公司","T17589","金元聚利1号定向资产管理计划"
"山西证券股份有限公司","T17600","山西证券乾裕6号集合资产管理计划"
"华宝证券有限责任公司","T17654","华宝证券华衍3号集合资产管理计划"
"海通期货股份有限公司","T17819","海通期货海盈23号资产管理计划"
"华宝证券有限责任公司","T17903","华宝烟银1号单一资产管理计划"
"南方资本管理有限公司","T17935","南方资本宏量1号专项资产管理计划"
"山西证券股份有限公司","T18001","山西证券乾裕8号集合资产管理计划"
"长安财富资产管理有限公司","T18019","长安资产旭辉单一资产管理计划"
"深圳市红塔资产管理有限公司","T18149","红塔资产汇通15号资产管理计划"
"华鑫证券有限责任公司","T18152","华鑫证券潍坊4号定向资产管理计划"
"中国国际金融股份有限公司","T18286","中金财富稳利9号定向资产管理计划"
"太平洋证券股份有限公司","T18673","太平洋证券均盈优选FOF1号集合资产管理计划"
"江苏和棋投资管理有限公司","T19037","和棋天阳九号私募投资基金"
"上海鼎锋资产管理有限公司","T19043","鼎锋成长30期私募证券投资基金"
"上海沣杨资产管理有限公司","T19094","沣杨锦绣2号私募证券投资基金"
"巨杉（上海）资产管理有限公司","T19197","巨杉寻乾量化6号私募证券投资基金"
"海通期货股份有限公司","T19291","海通期货海盈27号资产管理计划"
"汇安基金管理有限责任公司","T19309","汇安基金-汇鑫22号资产管理计划"
"上海同犇投资管理中心（有限合伙）","T19326","同犇价值成长三期私募证券投资基金"
"海航期货股份有限公司","T19388","海航期货鸿运二号资产管理计划"
"深圳市榕树投资管理有限公司","T19412","榕树盛世增长三期私募证券投资基金"
"上海盈象资产管理有限公司","T19414","上海盈象方中优选私募证券投资基金"
"玄卜投资（上海）有限公司","T19425","玄卜善心私募投资基金"
"金元证券股份有限公司","T19559","金元天府2号定向资产管理计划"
"上海凯纳璞淳资产管理有限公司","T19596","凯纳量化对冲9号私募证券基金"
"汇安基金管理有限责任公司","T19645","汇安基金-汇鑫23号资产管理计划"
"江苏和棋投资管理有限公司","T19656","和棋天阳十号私募证券投资基金"
"海通期货股份有限公司","T19740","海通期货财安稳富1号集合资产管理计划"
"海通期货股份有限公司","T19815","海通期货-致远1号资产管理计划"
"海通期货股份有限公司","T19874","海通期货-致远2号资产管理计划"
"海通期货股份有限公司","T19896","海通期货海盈31号单一资产管理计划"
"海通期货股份有限公司","T19921","海通期货卓越1号单一资产管理计划"
"海通期货股份有限公司","T1QIEH","海通期货海盈58号单一资产管理计划"
"中信期货有限公司","T20265","中信期货CTA多元量化策略2号集合资产管理计划"
"山西证券股份有限公司","T20380","证券行业支持民企发展系列之山西证券FOF单一资产管理计划"
"金元证券股份有限公司","T20382","金元全天候量化策略精选1号集合资产管理计划"
"海通期货股份有限公司","T20527","海通期货海盈32号单一资产管理计划"
"山西证券股份有限公司","T20533","山西证券昌享1号集合资产管理计划"
"华宝证券有限责任公司","T20558","华宝证券华正1号集合资产管理计划"
"建信期货有限责任公司","T20657","建信期货-安享价值1号单一资产管理计划"
"海通期货股份有限公司","T20889","海通期货海盈37号单一资产管理计划"
"华润元大基金管理有限公司","T20963","华润元大基金润晴2号集合资产管理计划"
"海通期货股份有限公司","T21055","海通期货财安稳富2号集合资产管理计划"
"上海泓湖投资管理有限公司","T21075","泓湖泓源宏观策略私募证券投资基金"
"兴业期货有限公司","T21769","兴业期货兴榕1号集合资产管理计划"
"中国国际金融股份有限公司","T21840","中金财富金福1号FOF集合资产管理计划"
"鹏华资产管理有限公司","T21893","鹏华资产-星石陆享一期集合资产管理计划"
"海通期货股份有限公司","T21947","海通期货海盈科创2号单一资产管理计划"
"海通期货股份有限公司","T21949","海通期货海盈科创3号单一资产管理计划"
"海通期货股份有限公司","T22166","海通期货-通享二期FOF集合资产管理计划"
"中国国际金融股份有限公司","T22339","中金财富宽立多策略1号集合资产管理计划"
"海通期货股份有限公司","T22415","海通期货海盈科创6号集合资产管理计划"
"海通期货股份有限公司","T22416","海通期货海盈科创7号集合资产管理计划"
"海通期货股份有限公司","T22417","海通期货海盈科创8号集合资产管理计划"
"海通期货股份有限公司","T22559","海通期货海盈40号集合资产管理计划"
"海通期货股份有限公司","T22560","海通期货海盈41号集合资产管理计划"
"海通期货股份有限公司","T22608","海通期货海盈科创5号单一资产管理计划"
"海通期货股份有限公司","T22610","海通期货海盈科创11号单一资产管理计划"
"中融基金管理有限公司","T22612","中融基金-弘源1号集合资产管理计划"
"海通期货股份有限公司","T22743","海通期货海盈46号单一资产管理计划"
"申万菱信（上海）资产管理有限公司","T23354","申万菱信资产-共赢13号员工持股单一资产管理计划"
"海通期货股份有限公司","T23384","海通期货能源1号单一资产管理计划"
"创元期货股份有限公司","T23653","创元期货-苏粤FOF一号分级集合资产管理计划"
"安信基金管理有限责任公司","T23956","安信基金高收益债1号集合资产管理计划"
"中国国际金融股份有限公司","T24078","中金财富私享273号FOF单一资产管理计划"
"招商证券资产管理有限公司","T24080","招商资管安赢2019001号单一资产管理计划"
"华宝证券有限责任公司","T24201","华宝证券华量自在投2号FOF集合资产管理计划"
"海通期货股份有限公司","T24213","海通期货海盈47号单一资产管理计划"
"中国国际金融股份有限公司","T24318","中金财富私享96号FOF单一资产管理计划"
"海通期货股份有限公司","T24369","海通期货海盈48号集合资产管理计划"
"中国国际金融股份有限公司","T24677","中金财富私享279号FOF单一资产管理计划"
"中国国际金融股份有限公司","T24678","中金财富私享89号FOF单一资产管理计划"
"海通期货股份有限公司","T24700","海通期货-海盈ETF增强1号集合资产管理计划"
"中国国际金融股份有限公司","T24774","中金财富私享239号FOF单一资产管理计划"
"中国国际金融股份有限公司","T24775","中金财富私享259号FOF单一资产管理计划"
"中国国际金融股份有限公司","T24796","中金财富私享206号FOF单一资产管理计划"
"中国国际金融股份有限公司","T24799","中金财富私享255号FOF单一资产管理计划"
"中国国际金融股份有限公司","T25005","中金财富私享252号FOF单一资产管理计划"
"中国国际金融股份有限公司","T25006","中金财富私享276号FOF单一资产管理计划"
"中国国际金融股份有限公司","T25008","中金财富私享212号FOF单一资产管理计划"
"中国国际金融股份有限公司","T25171","中金财富私享228号FOF单一资产管理计划"
"中国国际金融股份有限公司","T25172","中金财富私享278号FOF单一资产管理计划"
"中国国际金融股份有限公司","T25173","中金财富私享825号FOF单一资产管理计划"
"中国国际金融股份有限公司","T25174","中金财富私享110号FOF单一资产管理计划"
"中国国际金融股份有限公司","T25175","中金财富私享112号FOF单一资产管理计划"
"中国国际金融股份有限公司","T25179","中金财富私享270号FOF单一资产管理计划"
"中国国际金融股份有限公司","T25391","中金财富私享106号FOF单一资产管理计划"
"海通期货股份有限公司","T25449","海通期货海浦元平单一资产管理计划"
"中国中金财富证券有限公司","T25742","中金财富私享566号FOF单一资产管理计划"
"中国中金财富证券有限公司","T25782","中金财富私享662号FOF单一资产管理计划"
"中国国际金融股份有限公司","T25870","中金财富私享878号FOF单一资产管理计划"
"中国国际金融股份有限公司","T25880","中金财富私享883号FOF单一资产管理计划"
"中国国际金融股份有限公司","T25889","中金财富私享128号FOF单一资产管理计划"
"中国国际金融股份有限公司","T25927","中金财富私享115号FOF单一资产管理计划"
"中国中金财富证券有限公司","T26024","中金财富私享516号FOF单一资产管理计划"
"泰信基金管理有限公司","T26074","泰信基金泰富固收6号集合资产管理计划"
"海通期货股份有限公司","T26077","海通期货海盈53号单一资产管理计划"
"中国中金财富证券有限公司","T26085","中金财富私享619号FOF单一资产管理计划"
"天弘基金管理有限公司","T26093","天弘基金严选之平安红FOF集合资产管理计划"
"中国中金财富证券有限公司","T26094","中金财富私享929号FOF单一资产管理计划"
"中国国际金融股份有限公司","T26097","中金财富私享887号FOF单一资产管理计划"
"中国国际金融股份有限公司","T26098","中金财富私享731号FOF单一资产管理计划"
"中国国际金融股份有限公司","T26101","中金财富私享767号FOF单一资产管理计划"
"中国中金财富证券有限公司","T26106","中金财富私享558号FOF单一资产管理计划"
"中国中金财富证券有限公司","T26114","中金财富私享944号FOF单一资产管理计划"
"中国中金财富证券有限公司","T26131","中金财富私享626号FOF单一资产管理计划"
"中国中金财富证券有限公司","T26184","中金财富私享520号FOF单一资产管理计划"
"中国国际金融股份有限公司","T26284","中金财富私享703号FOF单一资产管理计划"
"中国国际金融股份有限公司","T26285","中金财富私享729号FOF单一资产管理计划"
"中国国际金融股份有限公司","T26288","中金财富私享251号FOF单一资产管理计划"
"中国中金财富证券有限公司","T26293","中金财富私享938号FOF单一资产管理计划"
"中国国际金融股份有限公司","T26331","中金财富私享720号FOF单一资产管理计划"
"中国国际金融股份有限公司","T26333","中金财富私享871号FOF单一资产管理计划"
"中国国际金融股份有限公司","T26335","中金财富私享781号FOF单一资产管理计划"
"中国国际金融股份有限公司","T26336","中金财富私享726号FOF单一资产管理计划"
"中国国际金融股份有限公司","T26338","中金财富私享183号FOF单一资产管理计划"
"中国中金财富证券有限公司","T26342","中金财富私享512号FOF单一资产管理计划"
"天弘基金管理有限公司","T26362","天弘基金严选之平安红FOF二期集合资产管理计划"
"中国中金财富证券有限公司","T26391","中金财富私享603号FOF单一资产管理计划"
"中国国际金融股份有限公司","T26394","中金财富私享107号FOF单一资产管理计划"
"中国国际金融股份有限公司","T26420","中金财富私享875号FOF单一资产管理计划"
"中国中金财富证券有限公司","T26438","中金财富私享909号FOF单一资产管理计划"
"中国中金财富证券有限公司","T26439","中金财富私享695号FOF单一资产管理计划"
"中国中金财富证券有限公司","T26511","中金财富私享568号FOF单一资产管理计划"
"中国中金财富证券有限公司","T26528","中金财富私享528号FOF单一资产管理计划"
"中国中金财富证券有限公司","T26551","中金财富私享939号FOF单一资产管理计划"
"中国中金财富证券有限公司","T26553","中金财富私享966号FOF单一资产管理计划"
"中国国际金融股份有限公司","T26573","中金财富私享758号FOF单一资产管理计划"
"中国中金财富证券有限公司","T26598","中金财富私享1999号FOF单一资产管理计划"
"中国中金财富证券有限公司","T26599","中金财富私享550号FOF单一资产管理计划"
"中国中金财富证券有限公司","T26611","中金财富私享913号FOF单一资产管理计划"
"中国国际金融股份有限公司","T26625","中金财富私享783号FOF单一资产管理计划"
"中国中金财富证券有限公司","T26642","中金财富私享906号FOF单一资产管理计划"
"中国国际金融股份有限公司","T26645","中金财富私享1106号FOF单一资产管理计划"
"中国国际金融股份有限公司","T26666","中金财富私享129号FOF单一资产管理计划"
"中国国际金融股份有限公司","T26667","中金财富私享870号FOF单一资产管理计划"
"中国国际金融股份有限公司","T26668","中金财富私享168号FOF单一资产管理计划"
"中国中金财富证券有限公司","T26702","中金财富私享991号FOF单一资产管理计划"
"中国中金财富证券有限公司","T26714","中金财富私享990号FOF单一资产管理计划"
"中国中金财富证券有限公司","T26724","中金财富私享993号FOF单一资产管理计划"
"中国中金财富证券有限公司","T26752","中金财富私享690号FOF单一资产管理计划"
"中国国际金融股份有限公司","T26759","中金财富私享389号FOF单一资产管理计划"
"中国中金财富证券有限公司","T26787","中金财富私享985号FOF单一资产管理计划"
"海通期货股份有限公司","T26860","海通期货海盈55号单一资产管理计划"
"中国中金财富证券有限公司","T26881","中金财富私享992号FOF单一资产管理计划"
"中国中金财富证券有限公司","T26882","中金财富私享551号FOF单一资产管理计划"
"中国中金财富证券有限公司","T26914","中金财富私享979号FOF单一资产管理计划"
"中国国际金融股份有限公司","T26926","中金财富私享170号FOF单一资产管理计划"
"中国中金财富证券有限公司","T26983","中金财富私享585号FOF单一资产管理计划"
"中国中金财富证券有限公司","T27007","中金财富私享522号FOF单一资产管理计划"
"中国国际金融股份有限公司","T27625","中金财富私享123号FOF单一资产管理计划"
"中国国际金融股份有限公司","T28625","中金财富私享235号FOF单一资产管理计划"
"中国国际金融股份有限公司","T28991","中金财富私享836号FOF单一资产管理计划"
"中国国际金融股份有限公司","T28994","中金财富私享885号FOF单一资产管理计划"
"中国国际金融股份有限公司","T28999","中金财富私享893号FOF单一资产管理计划"
"中国国际金融股份有限公司","T29001","中金财富私享727号FOF单一资产管理计划"
"中国国际金融股份有限公司","T29883","中金财富私享701号FOF单一资产管理计划"
"中国国际金融股份有限公司","T30005","中金财富私享755号FOF单一资产管理计划"
"中国国际金融股份有限公司","T35078","中金财富私享225号FOF单一资产管理计划"
"中国国际金融股份有限公司","T36574","中金财富私享707号FOF单一资产管理计划"
"中国国际金融股份有限公司","T54555","中金财富私享200号FOF单一资产管理计划"
"中国国际金融股份有限公司","T54922","中金财富私享59号FOF单一资产管理计划"
"中国国际金融股份有限公司","T54983","中金财富私享289号FOF单一资产管理计划"
"中国国际金融股份有限公司","T55557","中金财富私享265号FOF单一资产管理计划"
"中国国际金融股份有限公司","T55558","中金财富私享263号FOF单一资产管理计划"
"中国国际金融股份有限公司","T60758","中金财富私享1017号FOF单一资产管理计划"
"中国国际金融股份有限公司","T65179","中金财富私享61号FOF单一资产管理计划"
"德邦基金管理有限公司","V6TQ70","德邦基金君合创新一号单一资产管理计划"
"西藏昆吾九鼎投资管理有限公司","XQAFHH","苏州夏启安丰九鼎创业投资中心（有限合伙）"
"汇添富基金管理股份有限公司","Z00291","汇添富上报资产稳健可交债3号单一资产管理计划"
"汇添富基金管理股份有限公司","Z00298","汇添富-上报资产-绝对收益策略1号单一资产管理计划"
"华安未来资产管理（上海）有限公司","Z46163","华安资产阳光精选8号专项资产管理计划"
"华安未来资产管理（上海）有限公司","Z46179","华安资产阳光精选9号专项资产管理计划"
"华安未来资产管理（上海）有限公司","Z46200","华安资产阳光精选12号专项资产管理计划"
"华安未来资产管理（上海）有限公司","Z46367","华安资产阳光精选15号专项资产管理计划"
"华安未来资产管理（上海）有限公司","Z46375","华安资产阳光精选16号专项资产管理计划"
"博时资本管理有限公司","ZFVL61","博时资本稳健优选4号集合资产管理计划"
"南华基金管理有限公司","ZFY3GG","南华基金聚利1号集合资产管理计划"
"易方达基金管理有限公司","ZH0177","易方达基金-易方达资产12号资产管理计划"
"上海盛律投资管理有限公司","ZHHQSS","珠海横琴盛世智金股权投资合伙企业（有限合伙）"
"广发基金管理有限公司","ZSIA9J","广发基金南方传媒1号单一资产管理计划"
"中信信诚资产管理有限公司","ZXJC2H","中信信诚-君诚2号专项资产管理计划"
"致诚卓远（珠海）投资管理合伙企业（有限合伙）","ZYJQ","致远进取十二号私募证券投资基金"